Year,Player_Name,Matches_Played,Not_Outs,Runs_Scored,Highest_Score,Batting_Average,Balls_Faced,Batting_Strike_Rate,Half_Centuries,Fours,Sixes,Catches_Taken,Balls_Bowled,Runs_Conceded,Wickets_Taken,Bowling_Average,Four_Wicket_Hauls
2024,Ruturaj Gaikwad,2,0,61,46,30.5,51,119.61,0,8,1,0,0,0,0,0,0
2023,Ruturaj Gaikwad,16,1,590,92,42.14,400,147.5,4,46,30,17,0,0,0,0,0
2022,Ruturaj Gaikwad,14,0,368,99,26.29,291,126.46,3,33,14,4,0,0,0,0,0
2021,Ruturaj Gaikwad,16,2,635,101*,45.35,466,136.26,4,64,23,6,0,0,0,0,0
2020,Ruturaj Gaikwad,6,2,204,72,51,169,120.71,3,16,6,4,0,0,0,0,0
2023,Devon Conway,16,2,672,92*,51.69,481,139.71,6,77,18,6,0,0,0,0,0
2022,Devon Conway,7,1,252,87,42,173,145.66,3,22,12,2,0,0,0,0,0
2024,MS Dhoni,2,0,0,0,0,0,0,0,0,0,2,0,0,0,0,0
2023,MS Dhoni,16,8,104,32*,26,57,182.46,0,3,10,7,0,0,0,0,0
2022,MS Dhoni,14,6,232,50*,33.14,188,123.4,1,21,10,9,0,0,0,0,0
2021,MS Dhoni,16,4,114,18*,16.28,107,106.54,0,12,3,13,0,0,0,0,0
2020,MS Dhoni,14,4,200,47*,25,172,116.27,0,16,7,15,0,0,0,0,0
2019,MS Dhoni,15,7,416,84*,83.2,309,134.62,3,22,23,11,0,0,0,0,0
2018,MS Dhoni,16,9,455,79*,75.83,302,150.66,3,24,30,11,0,0,0,0,0
2017,MS Dhoni,16,4,290,61*,26.36,250,116,1,15,16,10,0,0,0,0,0
2016,MS Dhoni,14,5,284,64*,40.57,210,135.23,1,18,14,8,0,0,0,0,0
2015,MS Dhoni,17,5,372,53,31,305,121.96,1,27,17,8,0,0,0,0,0
2014,MS Dhoni,16,10,371,57*,74.2,250,148.4,1,22,20,3,0,0,0,0,0
2013,MS Dhoni,18,5,461,67*,41.9,283,162.89,4,32,25,15,0,0,0,0,0
2012,MS Dhoni,19,5,358,51*,29.83,278,128.77,1,26,9,12,0,0,0,0,0
2011,MS Dhoni,16,4,392,70*,43.55,247,158.7,2,25,23,5,0,0,0,0,0
2010,MS Dhoni,13,2,287,66*,31.88,210,136.66,2,26,8,5,0,0,0,0,0
2009,MS Dhoni,14,5,332,58*,41.5,261,127.2,2,22,9,4,0,0,0,0,0
2008,MS Dhoni,16,4,414,65,41.4,310,133.54,2,38,15,6,0,0,0,0,0
2024,Ajinkya Rahane,2,0,39,27,19.5,31,125.81,0,0,2,0,0,0,0,0,0
2023,Ajinkya Rahane,14,1,326,71*,32.6,189,172.49,2,24,16,8,0,0,0,0,0
2022,Ajinkya Rahane,7,0,133,44,19,128,103.91,0,14,4,3,0,0,0,0,0
2021,Ajinkya Rahane,2,0,8,8,8,8,100,0,1,0,0,0,0,0,0,0
2020,Ajinkya Rahane,9,0,113,60,14.12,107,105.6,1,12,2,4,0,0,0,0,0
2019,Ajinkya Rahane,14,1,393,105*,32.75,285,137.89,1,45,9,5,0,0,0,0,0
2018,Ajinkya Rahane,15,1,370,65*,28.46,313,118.21,1,39,5,4,0,0,0,0,0
2017,Ajinkya Rahane,16,1,382,60,25.46,323,118.26,2,35,9,7,0,0,0,0,0
2016,Ajinkya Rahane,14,3,480,74,43.63,379,126.64,6,54,9,7,0,0,0,0,0
2015,Ajinkya Rahane,14,2,540,91*,49.09,413,130.75,4,53,13,3,0,0,0,0,0
2014,Ajinkya Rahane,13,0,339,72,28.25,291,116.49,3,38,3,6,0,0,0,0,0
2013,Ajinkya Rahane,18,4,488,68*,34.85,458,106.55,4,42,11,10,0,0,0,0,0
2012,Ajinkya Rahane,16,2,560,103*,40,433,129.33,3,73,10,11,0,0,0,0,0
2011,Ajinkya Rahane,10,1,120,52,20,98,122.44,1,12,2,1,0,0,0,0,0
2009,Ajinkya Rahane,8,1,144,62*,24,123,117.07,2,12,3,1,6,5,1,5,0
2008,Ajinkya Rahane,2,0,4,4,2,17,23.52,0,1,0,0,0,0,0,0,0
No stats,Shaik Rasheed,0,No stats,No stats,No stats,No stats,No stats,No stats,No stats,No stats,No stats,No stats,No stats,No stats,No stats,No stats,No stats
2024,Sameer Rizvi,2,0,0,0,0,0,0,0,0,0,0,0,0,0,0,0
No stats,Avanish Rao Aravelly,0,No stats,No stats,No stats,No stats,No stats,No stats,No stats,No stats,No stats,No stats,No stats,No stats,No stats,No stats,No stats
2024,Ravindra Jadeja,2,1,25,25*,0,17,147.06,0,0,1,0,24,21,0,0,0
2023,Ravindra Jadeja,16,4,190,25*,23.75,133,142.86,0,11,9,9,342,431,20,21.55,0
2022,Ravindra Jadeja,10,4,116,26*,19.33,98,118.37,0,6,5,7,198,248,5,49.6,0
2021,Ravindra Jadeja,16,9,227,62*,75.66,156,145.51,1,19,9,13,294,346,13,26.61,0
2020,Ravindra Jadeja,14,6,232,50,46.4,135,171.85,1,22,11,5,218,318,6,53,0
2019,Ravindra Jadeja,16,6,106,31*,35.33,88,120.45,0,7,4,9,324,343,15,22.86,0
2018,Ravindra Jadeja,16,5,89,27*,17.8,74,120.27,0,3,4,11,246,303,11,27.54,0
2017,Ravindra Jadeja,12,6,158,28,39.5,113,139.82,0,13,4,2,228,349,5,69.8,0
2016,Ravindra Jadeja,15,6,191,36*,21.22,178,107.3,0,14,4,4,241,311,8,38.87,0
2015,Ravindra Jadeja,17,5,132,24,18.85,126,104.76,0,7,3,13,256,330,11,30,1
2014,Ravindra Jadeja,16,5,146,36*,29.2,110,132.72,0,9,5,4,326,443,19,23.31,2
2013,Ravindra Jadeja,18,6,201,38*,25.12,135,148.88,0,17,6,6,259,323,13,24.84,0
2012,Ravindra Jadeja,19,2,191,48,15.91,151,126.49,0,13,9,2,210,273,12,22.75,0
2011,Ravindra Jadeja,14,3,283,47,31.44,228,124.12,0,20,14,1,252,305,8,38.12,0
2009,Ravindra Jadeja,13,2,295,42,26.81,266,110.9,0,21,6,4,140,151,6,25.16,0
2008,Ravindra Jadeja,14,2,135,36*,19.28,103,131.06,0,11,6,7,13,21,0,0,0
2023,Mitchell Santner,3,2,2,1*,0,4,50,0,0,0,1,72,81,3,27,0
2022,Mitchell Santner,6,2,22,11,11,27,81.48,0,3,0,2,114,130,4,32.5,0
2020,Mitchell Santner,2,0,0,0,0,0,0,0,0,0,1,42,53,2,26.5,0
2019,Mitchell Santner,4,1,32,22,32,23,139.13,0,0,3,1,84,94,4,23.5,0
2023,Moeen Ali,15,3,124,23,17.71,91,136.26,0,12,6,4,156,195,9,21.67,1
2022,Moeen Ali,10,0,244,93,24.4,177,137.85,1,24,11,5,143,158,8,19.75,0
2021,Moeen Ali,15,1,357,58,25.5,260,137.3,1,31,19,7,152,161,6,26.83,0
2020,Moeen Ali,3,0,12,11,4,16,75,0,1,0,1,30,42,1,42,0
2019,Moeen Ali,11,2,220,66,27.5,133,165.41,2,16,17,1,150,169,6,28.16,0
2018,Moeen Ali,5,0,77,65,19.25,46,167.39,1,4,6,2,79,97,3,32.33,0
2024,Shivam Dube,2,2,70,36*,0,42,166.67,0,5,5,0,0,0,0,0,0
2023,Shivam Dube,16,3,418,52,38,264,158.33,3,12,35,6,0,0,0,0,0
2022,Shivam Dube,11,1,289,95*,28.9,185,156.22,2,22,16,6,12,36,0,0,0
2021,Shivam Dube,9,1,230,64*,28.75,193,119.17,1,18,10,2,30,49,0,0,0
2020,Shivam Dube,11,2,129,27*,18.42,105,122.85,0,5,9,2,54,73,4,18.25,0
2019,Shivam Dube,4,1,40,24,13.33,33,121.21,0,1,3,1,10,8,0,0,0
No stats,Nishant Sindhu,0,No stats,No stats,No stats,No stats,No stats,No stats,No stats,No stats,No stats,No stats,No stats,No stats,No stats,No stats,No stats
No stats,Ajay Mandal,0,No stats,No stats,No stats,No stats,No stats,No stats,No stats,No stats,No stats,No stats,No stats,No stats,No stats,No stats,No stats
2024,Rachin Ravindra,2,0,83,46,41.5,35,237.14,0,9,6,2,0,0,0,0,0
2023,Shardul Thakur,11,2,113,68,14.13,70,161.43,1,13,4,4,126,220,7,31.43,0
2022,Shardul Thakur,14,2,120,29*,15,87,137.93,0,7,7,7,290,473,15,31.53,1
2021,Shardul Thakur,16,2,5,3*,2.5,5,100,0,0,0,2,359,527,21,25.09,0
2020,Shardul Thakur,9,1,12,11,12,21,57.14,0,0,0,2,194,275,10,27.5,0
2019,Shardul Thakur,10,1,14,12*,7,7,200,0,1,1,5,180,281,8,35.12,0
2018,Shardul Thakur,13,1,15,15*,0,5,300,0,3,0,4,280,431,16,26.93,0
2017,Shardul Thakur,12,0,0,0*,0,3,0,0,0,0,4,229,315,11,28.63,0
2015,Shardul Thakur,1,1,7,7*,0,6,116.66,0,1,0,0,18,38,1,38,0
2024,Daryl Mitchell,2,1,30,22,30,26,115.38,0,1,2,0,0,0,0,0,0
2022,Daryl Mitchell,2,0,33,17,16.5,44,75,0,1,0,2,12,27,0,0,0
2023,Rajvardhan Hangargekar,2,0,0,0,0,0,0,0,0,0,0,36,60,3,20,0
2024,Deepak Chahar,2,0,0,0,0,0,0,0,0,0,0,24,37,1,37,0
2023,Deepak Chahar,10,1,1,1*,0,2,50,0,0,0,1,204,297,13,22.85,0
2021,Deepak Chahar,15,2,1,1*,0,1,100,0,0,0,5,324,451,14,32.21,2
2020,Deepak Chahar,14,2,7,5*,7,12,58.33,0,0,0,3,312,396,12,33,0
2019,Deepak Chahar,17,0,7,7,3.5,9,77.77,0,1,0,2,387,482,22,21.9,0
2018,Deepak Chahar,12,1,50,39,16.66,29,172.41,0,1,4,1,229,278,10,27.8,0
2017,Deepak Chahar,3,0,14,14,14,6,233.33,0,0,2,0,42,74,1,74,0
2016,Deepak Chahar,2,0,0,0,0,0,0,0,0,0,1,30,41,0,0,0
2024,Maheesh Theekshana,1,0,0,0,0,0,0,0,0,0,0,24,36,0,0,0
2023,Maheesh Theekshana,13,0,0,0,0,0,0,0,0,0,3,294,392,11,35.64,0
2022,Maheesh Theekshana,9,1,7,7*,7,7,100,0,0,1,0,210,261,12,21.75,1
2022,Mukesh Choudhary,13,1,6,4,6,6,100,0,1,0,3,273,424,16,26.5,1
2024,Mustafizur Rahman,2,0,0,0,0,0,0,0,0,0,0,24,29,4,7.25,1
2023,Mustafizur Rahman,2,1,1,1*,0,1,100,0,0,0,0,42,79,1,79,0
2022,Mustafizur Rahman,8,1,3,3*,0,5,60,0,0,0,1,192,244,8,30.5,0
2021,Mustafizur Rahman,14,5,8,8*,0,14,57.14,0,0,1,1,311,436,14,31.14,0
2018,Mustafizur Rahman,7,1,1,1,1,3,33.33,0,0,0,2,165,230,7,32.85,0
2017,Mustafizur Rahman,1,0,0,0,0,0,0,0,0,0,0,16,34,0,0,0
2016,Mustafizur Rahman,16,0,0,0,0,0,0,0,0,0,2,366,421,17,24.76,0
2022,Prashant Solanki,2,0,0,0,0,0,0,0,0,0,0,36,38,2,19,0
2022,Simarjeet Singh,6,2,7,3*,7,8,87.5,0,0,0,1,108,138,4,34.5,0
2024,Tushar Deshpande,2,0,0,0,0,0,0,0,0,0,0,24,47,0,0,0
2023,Tushar Deshpande,16,1,0,0*,0,1,0,0,0,0,2,341,564,21,26.86,0
2022,Tushar Deshpande,2,0,0,0,0,0,0,0,0,0,1,42,63,1,63,0
2020,Tushar Deshpande,5,1,21,20*,21,12,175,0,2,1,1,102,192,3,64,0
2023,Matheesha Pathirana,12,0,0,0,0,0,0,0,0,0,4,278,371,19,19.53,0
2022,Matheesha Pathirana,2,0,0,0,0,0,0,0,0,0,1,41,52,2,26,0
2024,Rishabh Pant,1,0,18,18,18,13,138.46,0,2,0,1,0,0,0,0,0
2022,Rishabh Pant,14,2,340,44,30.91,224,151.79,0,35,16,8,0,0,0,0,0
2021,Rishabh Pant,16,4,419,58*,34.91,326,128.52,3,42,10,10,0,0,0,0,0
2020,Rishabh Pant,14,3,343,56,31.18,301,113.95,1,31,9,13,0,0,0,0,0
2019,Rishabh Pant,16,3,488,78*,37.53,300,162.66,3,37,27,18,0,0,0,0,0
2018,Rishabh Pant,14,1,684,128*,52.61,394,173.6,5,68,37,4,0,0,0,0,0
2017,Rishabh Pant,14,0,366,97,26.14,221,165.61,2,28,24,8,0,0,0,0,0
2016,Rishabh Pant,10,2,198,69,24.75,152,130.26,1,19,6,3,0,0,0,0,0
2024,David Warner,1,0,29,29,29,21,138.1,0,3,2,1,0,0,0,0,0
2023,David Warner,14,0,516,86,36.86,392,131.63,6,69,10,7,0,0,0,0,0
2022,David Warner,12,3,432,92*,48,287,150.52,5,52,15,6,0,0,0,0,0
2021,David Warner,8,0,195,57,24.37,181,107.73,2,15,6,2,0,0,0,0,0
2020,David Warner,16,2,548,85*,39.14,407,134.64,4,52,14,12,1,2,0,0,0
2019,David Warner,12,2,692,100*,69.2,481,143.86,8,57,21,2,0,0,0,0,0
2017,David Warner,14,3,641,126,58.27,452,141.81,4,63,26,10,0,0,0,0,0
2016,David Warner,17,3,848,93*,60.57,560,151.42,9,88,31,4,0,0,0,0,0
2015,David Warner,14,1,562,91,43.23,359,156.54,7,65,21,8,0,0,0,0,0
2014,David Warner,14,3,528,90,48,375,140.8,6,39,24,8,0,0,0,0,0
2013,David Warner,16,3,410,77,31.53,323,126.93,4,41,14,6,0,0,0,0,0
2012,David Warner,8,1,256,109*,36.57,156,164.1,1,28,14,1,0,0,0,0,0
2011,David Warner,13,0,324,77,24.92,276,117.39,3,34,11,4,0,0,0,0,0
2010,David Warner,11,1,282,107*,28.2,191,147.64,1,27,14,8,0,0,0,0,0
2009,David Warner,7,0,163,51,23.29,132,123.48,1,16,5,0,0,0,0,0,0
2023,Prithvi Shaw,8,0,106,54,13.25,85,124.71,1,16,1,1,0,0,0,0,0
2022,Prithvi Shaw,10,0,283,61,28.3,185,152.97,2,37,10,4,0,0,0,0,0
2021,Prithvi Shaw,15,0,479,82,31.93,301,159.13,4,56,18,1,0,0,0,0,0
2020,Prithvi Shaw,13,0,228,66,17.53,167,136.52,2,27,8,4,0,0,0,0,0
2019,Prithvi Shaw,16,0,353,99,22.06,264,133.71,2,45,9,2,0,0,0,0,0
2018,Prithvi Shaw,9,0,245,65,27.22,160,153.12,2,27,10,4,0,0,0,0,0
2023,Yash Dhull,4,0,16,13,5.33,23,69.57,0,1,0,2,0,0,0,0,0
2024,Shai Hope,1,0,33,33,33,25,132,0,2,2,0,0,0,0,0,0
No stats,Swastik Chhikara,0,No stats,No stats,No stats,No stats,No stats,No stats,No stats,No stats,No stats,No stats,No stats,No stats,No stats,No stats,No stats
2024,Abishek Porel,1,1,32,32*,0,10,320,0,4,2,0,0,0,0,0,0
2023,Abishek Porel,4,0,33,20,8.25,31,106.45,0,1,2,4,0,0,0,0,0
No stats,Harry Brook,0,No stats,No stats,No stats,No stats,No stats,No stats,No stats,No stats,No stats,No stats,No stats,No stats,No stats,No stats,No stats
2024,Ricky Bhui,1,0,3,3,3,7,42.86,0,0,0,0,0,0,0,0,0
2019,Ricky Bhui,1,0,7,7,7,12,58.33,0,0,0,0,0,0,0,0,0
2018,Ricky Bhui,1,0,0,0*,0,5,0,0,0,0,0,0,0,0,0,0
No stats,Kumar Kushagra,0,No stats,No stats,No stats,No stats,No stats,No stats,No stats,No stats,No stats,No stats,No stats,No stats,No stats,No stats,No stats
2024,Tristan Stubbs,1,0,5,5,5,8,62.5,0,0,0,0,0,0,0,0,0
2023,Tristan Stubbs,2,0,25,20,12.5,31,80.65,0,2,0,0,12,14,1,14,0
2022,Tristan Stubbs,2,0,2,2,1,4,50,0,0,0,0,0,0,0,0,0
2024,Axar Patel,1,0,21,21,21,13,161.54,0,2,1,0,24,25,0,0,0
2023,Axar Patel,14,3,283,54,28.3,203,139.41,1,21,15,7,282,338,11,30.73,0
2022,Axar Patel,13,6,182,42*,45.5,120,151.67,0,12,10,8,258,321,6,53.5,0
2021,Axar Patel,12,1,40,12,8,46,86.95,0,2,1,4,276,306,15,20.4,0
2020,Axar Patel,15,1,117,42,14.62,85,137.64,0,6,8,6,306,327,9,36.33,0
2019,Axar Patel,14,6,110,26,18.33,88,125,0,10,3,9,306,364,10,36.4,0
2018,Axar Patel,9,2,80,19,13.33,69,115.94,0,3,4,2,156,218,3,72.66,0
2017,Axar Patel,14,5,227,44,28.37,162,140.12,0,11,11,7,288,362,15,24.13,0
2016,Axar Patel,14,3,111,36*,15.85,77,144.15,0,4,8,2,287,388,13,29.84,1
2015,Axar Patel,14,3,206,40*,22.88,174,118.39,0,13,8,7,280,392,13,30.15,0
2014,Axar Patel,17,2,62,42*,10.33,60,103.33,0,6,1,7,396,405,17,23.82,0
2023,Lalit Yadav,6,1,66,38,13.2,59,111.86,0,8,0,5,78,118,2,59,0
2022,Lalit Yadav,12,1,161,48*,23,146,110.27,0,11,7,6,108,150,4,37.5,0
2021,Lalit Yadav,7,3,68,22*,34,73,93.15,0,7,0,5,84,101,4,25.25,0
2024,Mitchell Marsh,1,0,20,20,20,12,166.67,0,2,2,0,24,52,0,0,0
2023,Mitchell Marsh,9,0,128,63,14.22,97,131.96,1,11,7,3,121,170,12,14.17,1
2022,Mitchell Marsh,8,0,251,89,31.38,189,132.8,2,19,14,0,72,102,4,25.5,0
2020,Mitchell Marsh,1,0,0,0*,0,1,0,0,0,0,0,4,6,0,0,0
2016,Mitchell Marsh,3,0,7,7,7,11,63.63,0,0,0,0,54,45,4,11.25,0
2013,Mitchell Marsh,9,1,141,38,20.14,106,132.07,0,6,10,7,116,182,7,26,0
2011,Mitchell Marsh,5,1,50,37,25,49,102.04,0,2,3,0,85,99,7,14.14,1
2010,Mitchell Marsh,3,0,28,15,14,30,93.33,0,1,1,0,60,88,2,44,0
2024,Sumit Kumar,1,0,2,2,2,9,22.22,0,0,0,0,8,19,0,0,0
2023,Pravin Dubey,1,0,16,16,16,20,80,0,2,0,0,18,19,1,19,0
2020,Pravin Dubey,3,1,7,7*,0,13,53.84,0,0,0,1,48,72,0,0,0
No stats,Vicky Ostwal,0,No stats,No stats,No stats,No stats,No stats,No stats,No stats,No stats,No stats,No stats,No stats,No stats,No stats,No stats,No stats
2023,Anrich Nortje,10,4,37,23*,12.33,29,127.59,0,6,0,2,240,364,10,36.4,0
2022,Anrich Nortje,6,1,1,1*,0,6,16.67,0,0,0,2,134,217,9,24.11,0
2021,Anrich Nortje,8,0,0,0,0,0,0,0,0,0,1,182,187,12,15.58,0
2020,Anrich Nortje,16,4,7,3*,7,6,116.66,0,0,0,4,366,512,22,23.27,0
2024,Kuldeep Yadav,1,0,1,1,1,2,50,0,0,0,0,24,20,2,10,0
2023,Kuldeep Yadav,14,8,31,10*,15.5,48,64.58,0,2,0,2,294,361,10,36.1,0
2022,Kuldeep Yadav,14,6,48,16*,48,52,92.31,0,3,2,5,298,419,21,19.95,2
2020,Kuldeep Yadav,5,1,13,12,13,21,61.9,0,1,0,0,72,92,1,92,0
2019,Kuldeep Yadav,9,2,12,10*,6,8,150,0,1,0,3,198,286,4,71.5,0
2018,Kuldeep Yadav,16,2,12,7*,12,24,50,0,1,0,6,308,418,17,24.58,1
2017,Kuldeep Yadav,12,0,20,16,10,22,90.9,0,2,0,1,246,340,12,28.33,0
2016,Kuldeep Yadav,3,0,0,0,0,0,0,0,0,0,1,72,100,6,16.66,0
No stats,Jake Fraser-McGurk,0,No stats,No stats,No stats,No stats,No stats,No stats,No stats,No stats,No stats,No stats,No stats,No stats,No stats,No stats,No stats
2024,Khaleel Ahmed,1,0,0,0,0,0,0,0,0,0,0,24,43,2,21.5,0
2023,Khaleel Ahmed,9,0,0,0,0,0,0,0,0,0,2,198,301,9,33.44,0
2022,Khaleel Ahmed,10,0,0,0,0,2,0,0,0,0,0,235,315,16,19.69,0
2021,Khaleel Ahmed,7,0,1,1,1,2,50,0,0,0,0,162,219,5,43.8,0
2020,Khaleel Ahmed,7,0,0,0*,0,2,0,0,0,0,1,154,242,8,30.25,0
2019,Khaleel Ahmed,9,0,0,0*,0,1,0,0,0,0,0,209,287,19,15.1,0
2018,Khaleel Ahmed,1,0,0,0,0,0,0,0,0,0,0,18,38,0,0,0
2024,Ishant Sharma,1,0,0,0,0,0,0,0,0,0,0,12,16,1,16,0
2023,Ishant Sharma,8,1,1,1*,0,1,100,0,0,0,0,150,206,10,20.6,0
2019,Ishant Sharma,13,3,10,10*,0,3,333.33,0,1,1,1,276,349,13,26.84,0
2017,Ishant Sharma,6,1,8,5*,4,12,66.66,0,1,0,0,108,179,0,0,0
2011,Ishant Sharma,12,5,4,1*,0,5,80,0,0,0,3,264,314,11,28.54,0
2010,Ishant Sharma,7,1,6,6*,6,17,35.29,0,0,0,1,150,236,7,33.71,0
2009,Ishant Sharma,11,1,16,9,8,13,123.07,0,1,1,2,258,297,11,27,0
2008,Ishant Sharma,13,5,11,4*,11,11,100,0,1,0,2,259,331,8,41.37,0
2021,Ishant Sharma,3,0,0,0,0,0,0,0,0,0,0,72,97,1,97,0
2020,Ishant Sharma,1,0,0,0,0,0,0,0,0,0,0,18,26,0,0,0
2016,Ishant Sharma,4,0,0,0,0,0,0,0,0,0,0,90,148,3,49.33,0
2015,Ishant Sharma,4,0,0,0,0,0,0,0,0,0,0,84,159,1,159,0
2014,Ishant Sharma,3,0,0,0,0,0,0,0,0,0,0,66,101,3,33.66,0
2013,Ishant Sharma,16,0,0,0,0,0,0,0,0,0,0,358,466,15,31.06,0
2021,Jhye Richardson,3,0,15,15,7.5,24,62.5,0,2,0,1,66,117,3,39,0
2023,Mukesh Kumar,10,3,7,6*,0,9,77.78,0,0,0,3,186,326,7,46.57,0
2022,Rasikh Dar,2,0,7,7,7,6,116.67,0,1,0,0,24,28,0,0,0
2019,Rasikh Dar,1,1,5,5*,0,4,125,0,0,0,1,24,42,0,0,0
2024,Shubman Gill,1,0,31,31,31,22,140.91,0,3,1,0,0,0,0,0,0
2023,Shubman Gill,17,2,890,129,59.33,564,157.8,4,85,33,6,0,0,0,0,0
2022,Shubman Gill,16,2,483,96,34.5,365,132.33,4,51,11,7,0,0,0,0,0
2021,Shubman Gill,17,0,478,57,28.11,402,118.9,3,50,12,6,0,0,0,0,0
2020,Shubman Gill,14,1,440,70*,33.84,373,117.96,3,44,9,7,0,0,0,0,0
2019,Shubman Gill,14,4,296,76,32.88,238,124.36,3,21,10,7,0,0,0,0,0
2018,Shubman Gill,13,5,203,57*,33.83,139,146.04,1,22,5,3,0,0,0,0,0
2024,David Miller,1,0,12,12,12,11,109.09,0,1,0,1,0,0,0,0,0
2023,David Miller,16,5,259,46,32.38,178,145.51,0,18,13,11,0,0,0,0,0
2022,David Miller,16,9,481,94*,68.71,337,142.73,2,32,23,6,0,0,0,0,0
2021,David Miller,9,3,124,62,24.8,113,109.73,1,11,3,4,0,0,0,0,0
2020,David Miller,1,0,0,0,0,0,0,0,0,0,0,0,0,0,0,0
2019,David Miller,10,2,213,59*,26.62,164,129.87,1,19,7,7,0,0,0,0,0
2018,David Miller,3,1,74,26,37,64,115.62,0,3,2,0,0,0,0,0,0
2017,David Miller,5,1,83,30*,27.66,80,103.75,0,4,4,2,0,0,0,0,0
2016,David Miller,14,3,161,31,16.1,131,122.9,0,11,4,10,0,0,0,0,0
2015,David Miller,13,2,357,89*,32.45,266,134.21,2,21,21,7,0,0,0,0,0
2014,David Miller,16,6,446,66,44.6,299,149.16,3,34,21,14,0,0,0,0,0
2013,David Miller,12,5,418,101*,59.71,254,164.56,3,28,24,8,0,0,0,0,0
2012,David Miller,6,3,98,34*,32.66,75,130.66,0,6,4,1,0,0,0,0,0
2022,Matthew Wade,10,0,157,35,15.7,138,113.77,0,23,2,7,0,0,0,0,0
2011,Matthew Wade,3,0,22,11,7.33,33,66.66,0,0,0,0,0,0,0,0,0
2024,Wriddhiman Saha,1,0,19,19,19,15,126.67,0,4,0,2,0,0,0,0,0
2023,Wriddhiman Saha,17,1,371,81,23.19,287,129.27,2,47,8,9,0,0,0,0,0
2022,Wriddhiman Saha,11,1,317,68,31.7,259,122.39,3,40,7,11,0,0,0,0,0
2021,Wriddhiman Saha,9,0,131,44,14.55,140,93.57,0,7,5,6,0,0,0,0,0
2020,Wriddhiman Saha,4,1,214,87,71.33,153,139.86,2,24,5,2,0,0,0,0,0
2019,Wriddhiman Saha,5,0,86,28,17.2,53,162.26,0,13,1,4,0,0,0,0,0
2018,Wriddhiman Saha,11,2,122,35,15.25,102,119.6,0,17,1,5,0,0,0,0,0
2017,Wriddhiman Saha,14,1,234,93*,23.4,187,125.13,1,20,8,10,0,0,0,0,0
2016,Wriddhiman Saha,12,1,270,56,24.54,212,127.35,2,29,1,7,0,0,0,0,0
2015,Wriddhiman Saha,14,0,249,42,19.15,197,126.39,0,16,10,11,0,0,0,0,0
2014,Wriddhiman Saha,17,2,362,115*,32.9,249,145.38,2,33,18,8,0,0,0,0,0
2013,Wriddhiman Saha,3,0,70,39,23.33,56,125,0,6,4,0,0,0,0,0,0
2012,Wriddhiman Saha,4,0,6,6,6,14,42.85,0,0,0,0,0,0,0,0,0
2011,Wriddhiman Saha,7,2,68,46*,68,63,107.93,0,2,4,2,0,0,0,0,0
2010,Wriddhiman Saha,13,4,67,22,22.33,53,126.41,0,9,1,3,0,0,0,0,0
2009,Wriddhiman Saha,8,4,72,25*,24,41,175.6,0,3,4,2,0,0,0,0,0
2008,Wriddhiman Saha,12,5,159,59*,31.8,119,133.61,1,12,7,8,0,0,0,0,0
No stats,BR Sharath,0,No stats,No stats,No stats,No stats,No stats,No stats,No stats,No stats,No stats,No stats,No stats,No stats,No stats,No stats,No stats
No stats,Robin Minz,0,No stats,No stats,No stats,No stats,No stats,No stats,No stats,No stats,No stats,No stats,No stats,No stats,No stats,No stats,No stats
2023,Kane Williamson,1,0,0,0,0,0,0,0,0,0,0,0,0,0,0,0
2022,Kane Williamson,13,2,216,57,19.64,231,93.51,1,16,8,10,0,0,0,0,0
2021,Kane Williamson,10,4,266,66*,44.33,235,113.19,2,29,2,7,0,0,0,0,0
2020,Kane Williamson,12,4,317,67,45.28,237,133.75,3,26,10,6,12,24,0,0,0
2019,Kane Williamson,9,2,156,70*,22.28,130,120,1,12,5,2,0,0,0,0,0
2018,Kane Williamson,17,3,735,84,52.5,516,142.44,8,64,28,6,0,0,0,0,0
2017,Kane Williamson,7,1,256,89,42.66,169,151.47,2,20,10,1,0,0,0,0,0
2016,Kane Williamson,6,0,124,50,20.66,122,101.63,1,14,0,5,6,7,0,0,0
2015,Kane Williamson,2,1,31,26*,31,27,114.81,0,1,1,2,0,0,0,0,0
2023,Abhinav Manohar,9,0,114,42,19,83,137.35,0,6,7,4,0,0,0,0,0
2022,Abhinav Manohar,8,1,108,43,18,75,144,0,14,3,4,0,0,0,0,0
2024,B. Sai Sudharsan,1,0,45,45,45,39,115.38,0,3,1,0,0,0,0,0,0
2023,B. Sai Sudharsan,8,1,362,96,51.71,256,141.41,3,33,12,2,0,0,0,0,0
2022,B. Sai Sudharsan,5,1,145,65*,36.25,114,127.19,1,14,3,1,0,0,0,0,0
2023,Darshan Nalkande,1,0,0,0,0,1,0,0,0,0,0,24,44,1,44,0
2022,Darshan Nalkande,2,0,0,0,0,0,0,0,0,0,0,31,59,2,29.5,0
2024,Vijay Shankar,1,1,6,6*,0,5,120,0,0,0,0,0,0,0,0,0
2023,Vijay Shankar,14,2,301,63*,37.63,188,160.11,3,27,15,2,0,0,0,0,0
2022,Vijay Shankar,4,0,19,13,4.75,35,54.29,0,1,0,3,9,15,0,0,0
2021,Vijay Shankar,7,0,58,28,11.6,52,111.53,0,1,3,3,66,100,3,33.33,0
2020,Vijay Shankar,7,1,97,52*,24.25,96,101.04,1,10,1,1,79,82,4,20.5,0
2019,Vijay Shankar,15,2,244,40*,20.33,193,126.42,0,11,12,10,48,70,1,70,0
2018,Vijay Shankar,13,7,212,54*,53,148,143.24,1,11,11,6,30,58,1,58,0
2017,Vijay Shankar,4,2,101,63*,50.5,75,134.66,1,12,1,1,0,0,0,0,0
2014,Vijay Shankar,1,0,0,0,0,0,0,0,0,0,0,6,19,0,0,0
2024,Azmatullah Omarzai,2,0,17,17,17,11,154.55,0,1,1,0,36,57,2,28.5,0
2023,Shahrukh Khan,14,6,156,41*,22.29,94,165.96,0,13,9,7,0,0,0,0,0
2022,Shahrukh Khan,8,1,117,26,16.71,108,108.33,0,4,9,3,0,0,0,0,0
2021,Shahrukh Khan,11,3,153,47,21.85,114,134.21,0,9,10,4,0,0,0,0,0
2023,Jayant Yadav,1,0,0,0,0,0,0,0,0,0,2,24,26,0,0,0
2021,Jayant Yadav,5,1,34,23,17,26,130.76,0,2,1,2,102,130,2,65,0
2020,Jayant Yadav,2,0,0,0,0,0,0,0,0,0,0,42,43,1,43,0
2019,Jayant Yadav,2,0,0,0,0,0,0,0,0,0,2,42,50,1,50,0
2017,Jayant Yadav,2,0,0,0,0,0,0,0,0,0,0,36,42,0,0,0
2016,Jayant Yadav,5,0,6,5,3,10,60,0,0,0,1,102,125,2,62.5,0
2015,Jayant Yadav,3,0,0,0,0,0,0,0,0,0,1,42,29,2,14.5,0
2024,Rahul Tewatia,1,0,22,22,22,15,146.67,0,2,1,1,0,0,0,0,0
2023,Rahul Tewatia,17,6,87,20*,21.75,57,152.63,0,3,7,8,13,15,0,0,0
2022,Rahul Tewatia,16,5,217,43*,31,147,147.62,0,22,9,5,36,76,0,0,0
2021,Rahul Tewatia,14,1,155,44,15.5,147,105.44,0,11,6,2,222,340,8,42.5,0
2020,Rahul Tewatia,14,5,255,53,42.5,183,139.34,1,13,17,9,276,326,10,32.6,0
2019,Rahul Tewatia,5,3,26,11*,26,22,118.18,0,2,1,6,38,42,2,21,0
2018,Rahul Tewatia,8,2,50,24,16.66,43,116.27,0,5,1,2,132,173,6,28.83,0
2017,Rahul Tewatia,3,1,19,15*,19,11,172.72,0,4,0,0,54,49,3,16.33,0
2015,Rahul Tewatia,1,0,0,0,0,0,0,0,0,0,0,18,31,1,31,0
2014,Rahul Tewatia,3,0,16,16,16,13,123.07,0,0,1,0,54,59,2,29.5,0
2021,Mohammad Shami,14,3,13,9*,13,17,76.47,0,0,0,1,316,395,19,20.78,0
2020,Mohammad Shami,14,2,2,2*,2,3,66.66,0,0,0,2,322,460,20,23,0
2019,Mohammad Shami,14,1,1,1*,1,2,50,0,0,0,5,324,469,19,24.68,0
2018,Mohammad Shami,4,0,7,7,7,6,116.66,0,1,0,2,83,144,3,48,0
2017,Mohammad Shami,8,2,36,21,9,24,150,0,4,2,0,156,243,5,48.6,0
2016,Mohammad Shami,8,2,2,2*,0,4,50,0,0,0,1,151,244,5,48.8,0
2014,Mohammad Shami,12,2,3,1*,1.5,7,42.85,0,0,0,0,264,369,7,52.71,0
2013,Mohammad Shami,3,0,5,5,5,10,50,0,0,0,0,54,78,1,78,0
2023,Kartik Tyagi,3,0,0,0,0,0,0,0,0,0,0,37,92,1,92,0
2022,Kartik Tyagi,2,0,7,7,3.5,6,116.67,0,1,0,0,48,79,1,79,0
2021,Kartik Tyagi,4,1,2,1*,2,4,50,0,0,0,1,84,124,4,31,0
2020,Kartik Tyagi,10,2,4,2*,4,6,66.66,0,0,0,2,229,367,9,40.77,0
No stats,Sushant Mishra,0,No stats,No stats,No stats,No stats,No stats,No stats,No stats,No stats,No stats,No stats,No stats,No stats,No stats,No stats,No stats
2024,Spencer Johnson,2,0,0,0,0,0,0,0,0,0,1,30,52,3,17.33,0
2023,Noor Ahmad,13,1,8,7*,4,9,88.89,0,1,0,2,283,369,16,23.06,0
2024,Sai Kishore,2,0,0,0,0,0,0,0,0,0,0,42,52,2,26,0
2022,Sai Kishore,5,0,0,0,0,0,0,0,0,0,3,96,121,6,20.17,0
2024,Umesh Yadav,2,0,0,0,0,0,0,0,0,0,0,30,58,2,29,0
2023,Umesh Yadav,8,3,19,6*,9.5,18,105.56,0,1,0,3,114,189,1,189,0
2022,Umesh Yadav,12,3,55,21,13.75,40,137.5,0,4,4,5,288,339,16,21.19,1
2020,Umesh Yadav,2,0,0,0*,0,2,0,0,0,0,0,42,83,0,0,0
2019,Umesh Yadav,11,5,25,14,12.5,25,100,0,3,1,4,227,371,8,46.37,0
2018,Umesh Yadav,14,1,3,1*,0.75,11,27.27,0,0,0,2,319,418,20,20.9,0
2017,Umesh Yadav,14,4,10,4*,0,13,76.92,0,0,0,4,291,410,17,24.11,1
2016,Umesh Yadav,9,1,9,7*,9,5,180,0,0,1,1,156,213,10,23.4,0
2015,Umesh Yadav,12,3,29,24*,29,14,207.14,0,5,1,5,252,382,10,38.2,0
2014,Umesh Yadav,12,0,2,2,2,4,50,0,0,0,2,270,367,11,33.36,0
2013,Umesh Yadav,16,7,38,12*,38,38,100,0,3,1,5,347,508,16,31.75,1
2012,Umesh Yadav,17,1,2,1*,1,7,28.57,0,0,0,3,366,453,19,23.84,0
2011,Umesh Yadav,7,1,1,1*,1,5,20,0,0,0,3,108,169,2,84.5,0
2010,Umesh Yadav,7,1,3,3*,0,4,75,0,0,0,1,144,184,6,30.66,0
2024,Rashid Khan,2,1,4,4*,0,3,133.33,0,0,0,1,42,57,1,57,0
2023,Rashid Khan,17,5,130,79*,32.5,60,216.67,1,8,13,10,402,552,27,20.44,1
2022,Rashid Khan,16,4,91,40,22.75,44,206.82,0,3,9,7,383,421,19,22.16,1
2021,Rashid Khan,14,2,83,22,10.37,69,120.28,0,9,2,2,336,375,18,20.83,0
2020,Rashid Khan,16,3,35,14,8.75,30,116.66,0,3,2,3,384,344,20,17.2,0
2019,Rashid Khan,15,3,34,17*,6.8,23,147.82,0,2,2,4,360,377,17,22.17,0
2018,Rashid Khan,17,2,59,34*,11.8,31,190.32,0,3,6,6,408,458,21,21.8,0
2017,Rashid Khan,14,1,11,6*,5.5,9,122.22,0,0,1,5,324,358,17,21.05,0
2023,Joshua Little,10,0,0,0,0,0,0,0,0,0,5,204,294,7,42,0
2024,Mohit Sharma,2,0,0,0,0,0,0,0,0,0,1,30,39,2,19.5,0
2023,Mohit Sharma,14,1,0,0*,0,1,0,0,0,0,6,265,361,27,13.37,2
2019,Mohit Sharma,1,1,0,0*,0,2,0,0,0,0,0,18,27,1,27,0
2018,Mohit Sharma,9,3,10,4*,10,13,76.92,0,1,0,2,178,322,7,46,0
2017,Mohit Sharma,14,1,51,13,8.5,50,102,0,3,1,3,274,410,13,31.53,0
2016,Mohit Sharma,14,2,32,15,8,26,123.07,0,3,1,3,291,407,13,31.3,0
2015,Mohit Sharma,16,3,28,21*,9.33,18,155.55,0,1,2,5,342,481,14,34.35,0
2014,Mohit Sharma,16,1,1,1*,0,3,33.33,0,0,0,3,323,452,23,19.65,1
2020,Mohit Sharma,1,0,0,0,0,0,0,0,0,0,0,24,45,1,45,0
2013,Mohit Sharma,15,0,0,0,0,0,0,0,0,0,0,304,326,20,16.3,0
No stats,Manav Suthar,0,No stats,No stats,No stats,No stats,No stats,No stats,No stats,No stats,No stats,No stats,No stats,No stats,No stats,No stats,No stats
2024,Shreyas Iyer,1,0,0,0,0,2,0,0,0,0,1,0,0,0,0,0
2022,Shreyas Iyer,14,1,401,85,30.85,298,134.56,3,41,11,5,6,7,0,0,0
2021,Shreyas Iyer,8,3,175,47*,35,171,102.33,0,7,5,6,0,0,0,0,0
2020,Shreyas Iyer,17,2,519,88*,34.6,421,123.27,3,40,16,6,0,0,0,0,0
2019,Shreyas Iyer,16,1,463,67,30.86,386,119.94,3,41,14,8,0,0,0,0,0
2018,Shreyas Iyer,14,3,411,93*,37.36,310,132.58,4,29,21,5,0,0,0,0,0
2017,Shreyas Iyer,12,2,338,96,33.8,243,139.09,2,36,10,3,0,0,0,0,0
2016,Shreyas Iyer,6,0,30,19,5,43,69.76,0,2,1,4,0,0,0,0,0
2015,Shreyas Iyer,14,1,439,83,33.76,342,128.36,4,41,21,2,0,0,0,0,0
2024,Rinku Singh,1,0,23,23,23,15,153.33,0,3,0,2,0,0,0,0,0
2023,Rinku Singh,14,6,474,67*,59.25,317,149.53,4,31,29,8,0,0,0,0,0
2022,Rinku Singh,7,2,174,42*,34.8,117,148.72,0,17,7,9,0,0,0,0,0
2020,Rinku Singh,1,0,11,11,11,11,100,0,1,0,1,0,0,0,0,0
2019,Rinku Singh,5,1,37,30,18.5,34,108.82,0,1,2,1,0,0,0,0,0
2018,Rinku Singh,4,0,29,16,7.25,31,93.54,0,4,0,4,0,0,0,0,0
2023,Rahmanullah Gurbaz,11,0,227,81,20.64,170,133.53,2,17,15,10,0,0,0,0,0
2024,Nitish Rana,1,0,9,9,9,11,81.82,0,1,0,0,0,0,0,0,0
2023,Nitish Rana,14,1,413,75,31.77,293,140.96,3,39,20,3,53,75,3,25,0
2022,Nitish Rana,14,1,361,57,27.77,251,143.82,2,29,22,6,12,23,0,0,0
2021,Nitish Rana,17,3,383,80,29.46,314,121.97,2,34,17,4,12,12,0,0,0
2020,Nitish Rana,14,0,352,87,25.14,254,138.58,3,43,12,2,12,23,0,0,0
2019,Nitish Rana,14,1,344,85*,34.4,235,146.38,3,27,21,3,48,72,3,24,0
2018,Nitish Rana,15,2,304,59,23.38,232,131.03,1,26,14,2,37,44,4,11,0
2017,Nitish Rana,13,1,333,62*,30.27,264,126.13,3,24,17,4,0,0,0,0,0
2016,Nitish Rana,4,0,104,70,34.66,75,138.66,1,7,8,0,6,3,0,0,0
2022,Sherfane Rutherford,3,0,33,28,16.5,50,66,0,1,1,0,0,0,0,0,0
2019,Sherfane Rutherford,7,2,73,28*,14.6,54,135.18,0,2,7,5,41,59,1,59,0
2024,Phil Salt,1,0,54,54,54,40,135,1,3,3,0,0,0,0,0,0
2023,Phil Salt,9,1,218,87,27.25,133,163.91,2,24,10,5,0,0,0,0,0
2022,K.S Bharat,2,0,8,8,4,7,114.29,0,2,0,0,0,0,0,0,0
2021,K.S Bharat,8,2,191,78*,38.2,156,122.43,1,10,8,4,0,0,0,0,0
2023,Manish Pandey,10,0,160,50,17.78,146,109.59,1,15,3,3,0,0,0,0,0
2022,Manish Pandey,6,0,88,38,14.67,80,110,0,9,2,3,0,0,0,0,0
2021,Manish Pandey,8,2,292,69*,48.66,236,123.72,3,21,10,5,0,0,0,0,0
2020,Manish Pandey,16,2,425,83*,32.69,333,127.62,3,35,18,7,0,0,0,0,0
2019,Manish Pandey,12,3,344,83*,43,263,130.79,3,34,6,7,0,0,0,0,0
2018,Manish Pandey,15,2,284,62*,25.81,246,115.44,3,22,5,9,0,0,0,0,0
2017,Manish Pandey,14,5,396,81*,49.5,308,128.57,2,28,12,8,0,0,0,0,0
2016,Manish Pandey,12,3,248,52,31,183,135.51,2,17,9,7,0,0,0,0,0
2015,Manish Pandey,13,1,225,40,20.45,184,122.28,0,22,7,5,0,0,0,0,0
2014,Manish Pandey,16,3,401,94,30.84,340,117.94,2,35,10,3,0,0,0,0,0
2013,Manish Pandey,7,1,136,66,22.66,137,99.27,1,11,3,6,0,0,0,0,0
2012,Manish Pandey,10,2,143,80*,20.42,112,127.67,1,12,6,3,0,0,0,0,0
2011,Manish Pandey,10,0,246,59,27.33,227,108.37,1,28,6,5,0,0,0,0,0
2010,Manish Pandey,13,1,249,42*,20.75,226,110.17,0,27,7,7,0,0,0,0,0
2009,Manish Pandey,5,2,168,114*,84,118,142.37,0,17,4,4,0,0,0,0,0
2008,Manish Pandey,3,0,3,3,1.5,9,33.33,0,0,0,0,0,0,0,0,0
No stats,Angkrish Raghuvanshi,0,No stats,No stats,No stats,No stats,No stats,No stats,No stats,No stats,No stats,No stats,No stats,No stats,No stats,No stats,No stats
2023,Anukul Roy,4,2,23,13*,11.5,19,121.05,0,3,0,4,48,65,3,21.67,0
2022,Anukul Roy,2,0,0,0,0,2,0,0,0,0,1,42,55,1,55,0
2019,Anukul Roy,1,0,0,0,0,0,0,0,0,0,0,12,11,1,11,0
2024,Ramandeep Singh,1,0,35,35,35,17,205.88,0,1,4,0,0,0,0,0,0
2022,Ramandeep Singh,5,2,45,14*,22.5,40,112.5,0,3,1,1,36,54,6,9,0
2024,Andre Russell,1,1,64,64*,0,25,256,1,3,7,0,12,25,2,12.5,0
2023,Andre Russell,14,3,227,42,20.64,156,145.51,0,13,18,6,91,172,7,24.57,0
2022,Andre Russell,14,3,335,70*,37.22,192,174.48,1,18,32,2,169,278,17,16.35,1
2021,Andre Russell,10,2,183,54,26.14,120,152.5,1,14,14,2,114,188,11,17.09,0
2020,Andre Russell,10,0,117,25,13,81,144.44,0,9,9,2,108,175,6,29.16,0
2019,Andre Russell,14,4,510,80*,56.66,249,204.81,4,31,52,4,181,287,11,26.09,0
2018,Andre Russell,16,3,316,88*,28.72,171,184.79,1,17,31,8,227,355,13,27.3,0
2016,Andre Russell,12,1,188,39*,26.85,114,164.91,0,10,15,2,219,291,15,19.4,1
2015,Andre Russell,13,2,326,66,36.22,169,192.89,3,35,19,6,244,324,14,23.14,0
2014,Andre Russell,2,0,2,1,1,8,25,0,0,0,0,30,52,1,52,0
2013,Andre Russell,3,0,11,7,5.5,14,78.57,0,0,0,0,42,68,0,0,0
2012,Andre Russell,4,0,47,31,23.5,26,180.76,0,3,3,0,96,161,1,161,0
2024,Venkatesh Iyer,1,0,7,7,7,5,140,0,1,0,1,0,0,0,0,0
2023,Venkatesh Iyer,14,0,404,104,28.86,277,145.85,2,32,21,3,0,0,0,0,0
2022,Venkatesh Iyer,12,1,182,50*,16.55,169,107.69,1,17,7,4,24,46,0,0,0
2021,Venkatesh Iyer,10,1,370,67,41.11,288,128.47,4,37,14,7,51,69,3,23,0
2024,Suyash Sharma,1,0,0,0,0,0,0,0,0,0,1,12,18,0,0,0
2023,Suyash Sharma,11,0,0,0,0,0,0,0,0,0,0,234,321,10,32.1,0
2021,Mujeeb Ur Rahman,1,1,1,1*,0,1,100,0,0,0,0,24,29,2,14.5,0
2020,Mujeeb Ur Rahman,2,0,1,1,1,3,33.33,0,0,0,0,48,83,0,0,0
2019,Mujeeb Ur Rahman,5,2,0,0*,0,4,0,0,0,0,1,114,191,3,63.66,0
2018,Mujeeb Ur Rahman,11,1,10,10*,10,7,142.85,0,2,0,1,248,289,14,20.64,0
2022,Dushmantha Chameera,12,4,43,17,10.75,28,153.57,0,3,3,2,264,384,9,42.67,0
No stats,Sakib Hussain,0,No stats,No stats,No stats,No stats,No stats,No stats,No stats,No stats,No stats,No stats,No stats,No stats,No stats,No stats,No stats
2024,Harshit Rana,1,0,0,0,0,0,0,0,0,0,1,24,33,3,11,0
2023,Harshit Rana,6,0,0,0,0,1,0,0,0,0,2,102,147,5,29.4,0
2022,Harshit Rana,2,1,2,2,2,2,100,0,0,0,0,30,51,1,51,0
2024,Sunil Narine,1,0,2,2,2,4,50,0,0,0,0,24,19,1,19,0
2023,Sunil Narine,14,3,21,7*,3,25,84,0,2,1,1,288,383,11,34.82,0
2022,Sunil Narine,14,2,71,22,8.88,40,177.5,0,6,6,3,336,312,9,34.67,0
2021,Sunil Narine,14,2,62,26,7.75,47,131.91,0,3,5,2,336,361,16,22.56,1
2020,Sunil Narine,10,0,121,64,13.44,85,142.35,1,10,8,2,228,302,5,60.4,0
2019,Sunil Narine,12,1,143,47,17.87,86,166.27,0,17,9,0,266,347,10,34.7,0
2018,Sunil Narine,16,0,357,75,22.31,188,189.89,2,40,23,1,366,467,17,27.47,0
2017,Sunil Narine,16,1,224,54,17.23,130,172.3,1,34,10,4,354,412,10,41.2,0
2016,Sunil Narine,11,3,7,4,7,13,53.84,0,0,0,2,257,304,11,27.63,0
2015,Sunil Narine,8,1,0,0*,0,1,0,0,0,0,1,192,234,7,33.42,1
2014,Sunil Narine,16,3,10,6,5,14,71.42,0,0,0,2,384,407,21,19.38,2
2013,Sunil Narine,16,3,21,13,7,19,110.52,0,0,2,6,384,350,22,15.9,2
2012,Sunil Narine,15,1,9,9*,9,7,128.57,0,2,0,1,355,324,24,13.5,1
2023,Vaibhav Arora,5,2,3,2*,0,2,150,0,0,0,3,96,146,5,29.2,0
2022,Vaibhav Arora,5,2,5,2,2.5,13,38.46,0,0,0,1,107,164,3,54.67,0
2024,Varun Chakaravarthy,1,0,0,0,0,0,0,0,0,0,1,24,55,1,55,0
2023,Varun Chakaravarthy,14,1,1,1,1,9,11.11,0,0,0,4,316,429,20,21.45,1
2022,Varun Chakaravarthy,11,4,12,10*,0,18,66.67,0,2,0,2,234,332,6,55.33,0
2021,Varun Chakaravarthy,17,2,2,2*,2,4,50,0,0,0,1,408,448,18,24.88,0
2020,Varun Chakaravarthy,13,1,10,7*,5,15,66.66,0,0,0,3,312,356,17,20.94,0
2019,Varun Chakaravarthy,1,0,0,0,0,0,0,0,0,0,0,18,35,1,35,0
2024,Mitchell Starc,1,1,6,6*,0,3,200,0,1,0,0,24,53,0,0,0
2015,Mitchell Starc,13,2,11,9*,11,14,78.57,0,1,0,7,258,291,20,14.55,1
2014,Mitchell Starc,14,3,85,29,14.16,84,101.19,0,9,0,9,322,402,14,28.71,0
2023,Chetan Sakariya,2,1,4,4,4,6,66.67,0,1,0,0,48,89,3,29.67,0
2022,Chetan Sakariya,3,0,0,0,0,0,0,0,0,0,2,66,84,3,28,0
2021,Chetan Sakariya,14,1,16,7,3.2,25,64,0,2,0,4,312,426,14,30.42,0
2024,KL Rahul,1,0,58,58,58,44,131.82,1,4,2,2,0,0,0,0,0
2023,KL Rahul,9,1,274,74,34.25,242,113.22,2,28,4,4,0,0,0,0,0
2022,KL Rahul,15,3,616,103*,51.33,455,135.38,4,45,30,9,0,0,0,0,0
2021,KL Rahul,13,3,626,98*,62.6,451,138.8,6,48,30,11,0,0,0,0,0
2020,KL Rahul,14,2,670,132*,55.83,518,129.34,5,58,23,10,0,0,0,0,0
2019,KL Rahul,14,3,593,100*,53.9,438,135.38,6,49,25,7,0,0,0,0,0
2018,KL Rahul,14,2,659,95*,54.91,416,158.41,6,66,32,10,0,0,0,0,0
2016,KL Rahul,14,3,397,68*,44.11,271,146.49,4,37,16,5,0,0,0,0,0
2015,KL Rahul,9,3,142,44*,28.4,126,112.69,0,8,5,1,0,0,0,0,0
2014,KL Rahul,11,0,166,46,20.75,164,101.21,0,12,3,4,0,0,0,0,0
2013,KL Rahul,5,0,20,12,10,16,125,0,4,0,0,0,0,0,0,0
2024,Devdutt Padikkal,1,0,0,0,0,3,0,0,0,0,0,0,0,0,0,0
2023,Devdutt Padikkal,11,1,261,52,26.1,200,130.5,2,31,6,4,0,0,0,0,0
2022,Devdutt Padikkal,17,0,376,54,22.12,306,122.88,1,40,14,5,0,0,0,0,0
2021,Devdutt Padikkal,14,1,411,101*,31.61,328,125.3,1,44,14,7,0,0,0,0,0
2020,Devdutt Padikkal,15,0,473,74,31.53,379,124.8,5,51,8,8,0,0,0,0,0
2024,Quinton de Kock,1,0,4,4,4,5,80,0,1,0,0,0,0,0,0,0
2023,Quinton de Kock,4,0,143,70,35.75,102,140.2,1,10,8,2,0,0,0,0,0
2022,Quinton de Kock,15,1,508,140*,36.29,341,148.97,3,47,23,12,0,0,0,0,0
2021,Quinton de Kock,11,1,297,70*,29.7,256,116.01,2,29,7,4,0,0,0,0,0
2020,Quinton de Kock,16,2,503,78*,35.92,358,140.5,4,46,22,18,0,0,0,0,0
2019,Quinton de Kock,16,1,529,81,35.26,398,132.91,4,45,25,17,0,0,0,0,0
2018,Quinton de Kock,8,0,201,53,25.12,162,124.07,1,20,8,7,0,0,0,0,0
2016,Quinton de Kock,13,1,445,108,37.08,327,136.08,3,52,13,2,0,0,0,0,0
2015,Quinton de Kock,3,0,122,69,40.66,77,158.44,2,18,4,0,0,0,0,0,0
2014,Quinton de Kock,7,0,153,48,21.85,130,117.69,0,19,4,2,0,0,0,0,0
2013,Quinton de Kock,3,0,6,4,2,15,40,0,1,0,0,0,0,0,0,0
2024,Nicholas Pooran,1,1,64,64*,0,41,156.1,1,4,4,0,0,0,0,0,0
2023,Nicholas Pooran,15,3,358,62,29.83,207,172.95,2,26,26,6,0,0,0,0,0
2022,Nicholas Pooran,14,5,306,64*,38.25,212,144.34,2,16,21,8,0,0,0,0,0
2021,Nicholas Pooran,12,0,85,32,7.72,76,111.84,0,3,5,3,0,0,0,0,0
2020,Nicholas Pooran,14,4,353,77,35.3,208,169.71,2,23,25,7,0,0,0,0,0
2019,Nicholas Pooran,7,0,168,48,28,107,157,0,10,14,1,0,0,0,0,0
2019,Ashton Turner,4,1,3,3*,1,10,30,0,0,0,0,0,0,0,0,0
No stats,Ashton Turner,0,0,0,0,0,0,0,0,0,0,0,No stats,No stats,No stats,No stats,No stats
2024,Ayush Badoni,1,0,1,1,1,5,20,0,0,0,0,6,6,0,0,0
2023,Ayush Badoni,15,2,238,59*,23.8,172,138.37,1,13,12,2,1,0,0,0,0
2022,Ayush Badoni,13,3,161,54,20.13,130,123.85,1,11,7,9,12,11,2,5.5,0
2024,Deepak Hooda,1,0,26,26,26,13,200,0,2,2,1,0,0,0,0,0
2023,Deepak Hooda,12,1,84,17,7.64,90,93.33,0,3,2,10,6,8,0,0,0
2022,Deepak Hooda,15,0,451,59,32.21,330,136.67,4,36,18,8,24,43,1,43,0
2021,Deepak Hooda,12,1,160,64,16,123,130.08,1,9,9,7,96,136,2,68,0
2020,Deepak Hooda,7,4,101,62*,101,71,142.25,1,5,5,3,6,9,0,0,0
2019,Deepak Hooda,11,1,64,20,10.66,63,101.58,0,5,1,10,12,21,1,21,0
2018,Deepak Hooda,9,4,87,32*,21.75,81,107.4,0,2,3,3,18,24,0,0,0
2017,Deepak Hooda,10,3,78,19*,26,52,150,0,5,4,5,24,42,2,21,0
2016,Deepak Hooda,17,1,144,34,10.28,121,119,0,9,5,3,78,97,3,32.33,0
2015,Deepak Hooda,14,0,151,54,16.77,95,158.94,1,6,11,1,91,129,1,129,0
2023,Krishnappa Gowtham,7,3,61,23,15.25,37,164.86,0,2,5,6,96,118,3,39.33,0
2022,Krishnappa Gowtham,4,0,0,0,0,1,0,0,0,0,4,72,99,5,19.8,0
2020,Krishnappa Gowtham,2,1,42,22*,42,27,155.55,0,3,2,0,48,84,1,84,0
2019,Krishnappa Gowtham,7,1,18,9,6,19,94.73,0,1,1,0,120,166,1,166,0
2018,Krishnappa Gowtham,15,4,126,33*,14,64,196.87,0,9,9,10,240,312,11,28.36,0
2024,Krunal Pandya,1,1,3,3*,0,5,60,0,0,0,1,24,19,0,0,0
2023,Krunal Pandya,15,4,188,49,18.8,165,113.94,0,15,6,8,252,313,9,34.78,0
2022,Krunal Pandya,14,4,183,42,20.33,145,126.21,0,16,4,7,228,265,10,26.5,0
2021,Krunal Pandya,13,2,143,39,14.3,123,116.26,0,10,6,6,199,265,5,53,0
2020,Krunal Pandya,16,6,109,34,18.16,92,118.47,0,9,5,4,301,380,6,63.33,0
2019,Krunal Pandya,16,4,183,42,16.63,150,122,0,18,5,5,276,335,12,27.91,0
2018,Krunal Pandya,14,3,228,41*,22.8,157,145.22,0,22,10,9,241,284,12,23.66,0
2017,Krunal Pandya,13,4,243,47,34.71,179,135.75,0,24,7,2,240,273,10,27.3,0
2016,Krunal Pandya,12,3,237,86,39.5,124,191.12,1,22,13,2,187,236,6,39.33,0
2023,Kyle Mayers,13,0,379,73,29.15,263,144.11,4,38,22,2,42,59,0,0,0
2024,Marcus Stoinis,1,0,3,3,3,4,75,0,0,0,0,0,0,0,0,0
2023,Marcus Stoinis,15,2,408,89*,31.38,272,150,3,28,27,4,65,100,5,20,0
2022,Marcus Stoinis,11,2,156,38*,19.5,106,147.17,0,7,13,4,42,79,4,19.75,0
2021,Marcus Stoinis,10,3,89,27*,22.25,72,123.61,0,11,1,2,67,117,2,58.5,0
2020,Marcus Stoinis,17,3,352,65,25.14,237,148.52,3,31,16,3,178,283,13,21.76,0
2019,Marcus Stoinis,10,6,211,46*,52.75,156,135.25,0,14,10,2,100,145,2,72.5,0
2018,Marcus Stoinis,7,3,99,29*,24.75,76,130.26,0,6,4,2,66,120,3,40,0
2017,Marcus Stoinis,5,0,17,9,5.66,24,70.83,0,1,0,3,63,110,2,55,0
2016,Marcus Stoinis,7,1,146,52,36.5,108,135.18,1,13,4,0,138,194,8,24.25,1
2023,Mohd. Arshad Khan,6,1,18,15*,9,15,120,0,0,1,2,85,190,5,38,0
2023,Prerak Mankad,5,2,93,64*,31,72,129.17,1,12,2,5,0,0,0,0,0
2022,Prerak Mankad,1,1,4,4*,0,1,400,0,1,0,1,0,0,0,0,0
2023,Yudhvir Singh,3,0,1,1,0.5,2,50,0,0,0,0,48,70,3,23.33,0
No stats,Arshin Kulkarni,0,No stats,No stats,No stats,No stats,No stats,No stats,No stats,No stats,No stats,No stats,No stats,No stats,No stats,No stats,No stats
2023,David Willey,4,3,35,20*,0,32,109.38,0,4,0,1,90,105,3,35,0
2022,David Willey,4,0,18,18,9,30,60,0,3,0,1,66,72,1,72,0
2018,David Willey,3,0,0,0,0,0,0,0,0,0,2,60,95,2,47.5,0
2022,Shivam Mavi,6,1,3,2,1.5,7,42.86,0,0,0,4,132,227,5,45.4,0
2021,Shivam Mavi,9,0,25,20,12.5,20,125,0,2,2,5,193,233,11,21.18,1
2020,Shivam Mavi,8,1,10,9,5,14,71.42,0,1,0,4,156,212,9,23.55,0
2018,Shivam Mavi,9,1,13,7,4.33,15,86.66,0,1,0,3,168,270,5,54,0
No stats,Shamar Joseph,0,No stats,No stats,No stats,No stats,No stats,No stats,No stats,No stats,No stats,No stats,No stats,No stats,No stats,No stats,No stats
No stats,Mayank Yadav,0,No stats,No stats,No stats,No stats,No stats,No stats,No stats,No stats,No stats,No stats,No stats,No stats,No stats,No stats,No stats
2024,Mohsin Khan,1,0,0,0,0,0,0,0,0,0,0,24,45,1,45,0
2023,Mohsin Khan,5,0,0,0,0,7,0,0,0,0,0,60,107,3,35.67,0
2022,Mohsin Khan,9,2,23,13*,23,16,143.75,0,2,1,1,198,197,14,14.07,1
2024,Ravi Bishnoi,1,0,0,0,0,0,0,0,0,0,0,24,38,1,38,0
2023,Ravi Bishnoi,15,4,20,5,6.67,27,74.07,0,1,0,9,303,391,16,24.44,0
2022,Ravi Bishnoi,14,1,0,0*,0,1,0,0,0,0,3,324,456,13,35.08,0
2021,Ravi Bishnoi,9,0,1,1,1,4,25,0,0,0,2,210,222,12,18.5,0
2020,Ravi Bishnoi,14,2,7,6*,7,12,58.33,0,1,0,2,306,376,12,31.33,0
2024,Yash Thakur,1,0,0,0,0,0,0,0,0,0,0,18,43,0,0,0
2023,Yash Thakur,9,0,0,0,0,0,0,0,0,0,1,191,289,13,22.23,1
2023,Amit Mishra,7,0,19,19,19,30,63.33,0,2,0,2,114,149,7,21.29,0
2019,Amit Mishra,11,2,21,8,10.5,24,87.5,0,2,0,1,240,270,11,24.54,0
2018,Amit Mishra,10,1,1,1*,0,2,50,0,0,0,0,222,264,12,22,0
2017,Amit Mishra,14,5,49,13*,49,52,94.23,0,2,2,3,233,343,10,34.3,0
2016,Amit Mishra,14,0,4,3,2,14,28.57,0,0,0,3,276,344,13,26.46,1
2015,Amit Mishra,12,2,8,4,4,12,66.66,0,0,0,2,241,310,9,34.44,0
2014,Amit Mishra,10,1,4,4*,4,7,57.14,0,0,0,0,225,340,7,48.57,0
2013,Amit Mishra,17,2,89,30,14.83,96,92.7,0,9,0,2,372,394,21,18.76,1
2012,Amit Mishra,14,2,16,8*,5.33,20,80,0,1,0,1,282,377,13,29,0
2011,Amit Mishra,14,5,68,25*,17,49,138.77,0,9,1,2,320,358,19,18.84,1
2010,Amit Mishra,14,3,39,12,9.75,51,76.47,0,1,0,4,318,363,17,21.35,0
2009,Amit Mishra,11,2,26,13*,8.66,20,130,0,2,2,2,253,294,14,21,0
2008,Amit Mishra,6,0,37,31,12.33,42,88.09,0,3,0,2,119,142,11,12.9,0
2021,Amit Mishra,4,0,0,0,0,0,0,0,0,0,0,84,109,6,18.16,1
2020,Amit Mishra,3,0,0,0,0,0,0,0,0,0,0,60,72,3,24,0
2024,Naveen Ul Haq,1,0,0,0,0,0,0,0,0,0,0,24,41,2,20.5,0
2023,Naveen Ul Haq,8,2,16,13,16,21,76.19,0,2,0,2,168,219,11,19.91,1
No stats,M. Siddharth,0,No stats,No stats,No stats,No stats,No stats,No stats,No stats,No stats,No stats,No stats,No stats,No stats,No stats,No stats,No stats
2024,Rohit Sharma,1,0,43,43,43,29,148.28,0,7,1,1,0,0,0,0,0
2023,Rohit Sharma,16,0,332,65,20.75,250,132.8,2,35,17,1,0,0,0,0,0
2022,Rohit Sharma,14,0,268,48,19.14,223,120.18,0,28,13,7,0,0,0,0,0
2021,Rohit Sharma,13,0,381,63,29.3,299,127.42,1,33,14,1,7,13,0,0,0
2020,Rohit Sharma,12,0,332,80,27.66,260,127.69,3,27,19,6,0,0,0,0,0
2019,Rohit Sharma,15,1,405,67,28.92,315,128.57,2,52,10,4,0,0,0,0,0
2018,Rohit Sharma,14,2,286,94,23.83,215,133.02,2,25,12,8,0,0,0,0,0
2017,Rohit Sharma,17,2,333,67,23.78,273,121.97,3,31,9,10,0,0,0,0,0
2016,Rohit Sharma,14,3,489,85*,44.45,368,132.88,5,49,16,2,0,0,0,0,0
2015,Rohit Sharma,16,2,482,98*,34.42,333,144.74,3,41,21,5,0,0,0,0,0
2014,Rohit Sharma,15,2,390,59*,30,302,129.13,3,31,16,5,18,26,1,26,0
2013,Rohit Sharma,19,5,538,79*,38.42,409,131.54,4,35,28,7,8,6,0,0,0
2012,Rohit Sharma,17,2,433,109*,30.92,342,126.6,3,39,18,13,6,16,0,0,0
2011,Rohit Sharma,16,3,372,87,33.81,297,125.25,3,32,13,7,48,53,0,0,0
2010,Rohit Sharma,16,2,404,73,28.85,302,133.77,3,36,14,9,114,153,2,76.5,0
2009,Rohit Sharma,16,3,362,52,27.84,315,114.92,1,22,18,5,138,161,11,14.63,1
2008,Rohit Sharma,13,1,404,76*,36.72,273,147.98,4,38,19,8,24,25,1,25,0
2024,Dewald Brevis,1,0,46,46,46,38,121.05,0,2,3,0,0,0,0,0,0
2022,Dewald Brevis,7,0,161,49,23,113,142.48,0,14,11,3,3,8,1,8,0
2023,Suryakumar Yadav,16,2,605,103*,43.21,334,181.14,5,65,28,6,0,0,0,0,0
2022,Suryakumar Yadav,8,1,303,68*,43.29,208,145.67,3,23,16,3,0,0,0,0,0
2021,Suryakumar Yadav,14,0,317,82,22.64,221,143.43,2,40,10,5,0,0,0,0,0
2020,Suryakumar Yadav,16,3,480,79*,40,331,145.01,4,61,11,8,0,0,0,0,0
2019,Suryakumar Yadav,16,2,424,71*,32.61,324,130.86,2,45,10,9,0,0,0,0,0
2018,Suryakumar Yadav,14,0,512,72,36.57,384,133.33,4,61,16,8,0,0,0,0,0
2017,Suryakumar Yadav,10,1,105,31,17.5,88,119.31,0,8,3,5,0,0,0,0,0
2016,Suryakumar Yadav,15,4,182,60,26,143,127.27,1,18,5,6,0,0,0,0,0
2015,Suryakumar Yadav,13,4,157,46*,17.44,113,138.93,0,12,8,7,0,0,0,0,0
2014,Suryakumar Yadav,16,5,164,34,32.8,117,140.17,0,16,5,7,6,8,0,0,0
2012,Suryakumar Yadav,1,0,0,0,0,4,0,0,0,0,0,0,0,0,0,0
2024,Ishan Kishan,1,0,0,0,0,4,0,0,0,0,0,0,0,0,0,0
2023,Ishan Kishan,16,0,454,75,30.27,318,142.77,3,54,18,10,0,0,0,0,0
2022,Ishan Kishan,14,1,418,81*,32.15,348,120.11,3,45,11,13,0,0,0,0,0
2021,Ishan Kishan,10,1,241,84,26.77,180,133.88,2,21,10,3,0,0,0,0,0
2020,Ishan Kishan,14,4,516,99,57.33,354,145.76,4,36,30,1,0,0,0,0,0
2019,Ishan Kishan,7,0,101,28,16.83,100,101,0,8,4,2,0,0,0,0,0
2018,Ishan Kishan,14,0,275,62,22.91,184,149.45,2,22,17,9,0,0,0,0,0
2017,Ishan Kishan,11,0,277,61,27.7,206,134.46,1,29,13,3,0,0,0,0,0
2016,Ishan Kishan,5,0,42,27,8.4,41,102.43,0,5,0,1,0,0,0,0,0
2024,N. Tilak Varma,1,0,25,25,25,19,131.58,0,1,1,2,0,0,0,0,0
2023,N. Tilak Varma,11,3,343,84*,42.88,209,164.11,1,26,23,4,6,7,0,0,0
2022,N. Tilak Varma,14,3,397,61,36.09,303,131.02,2,29,16,10,12,13,0,0,0
2024,Tim David,1,0,11,11,11,10,110,0,1,0,0,0,0,0,0,0
2023,Tim David,16,6,231,45*,25.67,146,158.22,0,12,15,10,0,0,0,0,0
2022,Tim David,8,3,186,46,37.2,86,216.28,0,12,16,6,0,0,0,0,0
2021,Tim David,1,0,1,1,1,3,33.33,0,0,0,0,0,0,0,0,0
2023,Vishnu Vinod,3,0,37,30,12.33,31,119.35,0,2,2,1,0,0,0,0,0
2017,Vishnu Vinod,3,0,19,9,6.33,26,73.07,0,1,1,0,0,0,0,0,0
2024,Hardik Pandya,1,0,11,11,11,4,275,0,1,1,1,18,30,0,0,0
2023,Hardik Pandya,16,4,346,66,31.45,253,136.76,2,26,15,8,150,228,3,76,0
2022,Hardik Pandya,15,4,487,87*,44.27,371,131.27,4,49,12,4,183,222,8,27.75,0
2021,Hardik Pandya,12,2,127,40*,14.11,112,113.39,0,11,5,4,0,0,0,0,0
2020,Hardik Pandya,14,5,281,60*,35.12,157,178.98,1,14,25,6,0,0,0,0,0
2019,Hardik Pandya,16,6,402,91,44.66,210,191.42,1,28,29,11,255,390,14,27.85,0
2018,Hardik Pandya,13,4,260,50,28.88,195,133.33,1,20,11,8,256,381,18,21.16,0
2017,Hardik Pandya,17,9,250,35*,35.71,160,156.25,0,11,20,12,156,213,6,35.5,0
2016,Hardik Pandya,11,2,44,9,6.28,63,69.84,0,4,0,6,100,153,3,51,0
2015,Hardik Pandya,9,3,112,61*,22.4,62,180.64,1,9,8,6,102,176,1,176,0
2023,Arjun Tendulkar,4,0,13,13,13,9,144.44,0,0,1,0,59,92,3,30.67,0
2021,Mohammad Nabi,3,0,34,17,11.33,20,170,0,3,2,5,48,86,2,43,0
2020,Mohammad Nabi,1,1,11,11*,0,8,137.5,0,2,0,0,24,23,0,0,0
2019,Mohammad Nabi,8,1,115,31,19.16,76,151.31,0,8,7,6,175,194,8,24.25,1
2018,Mohammad Nabi,2,0,18,14,9,12,150,0,3,0,0,30,47,1,47,0
2017,Mohammad Nabi,3,0,2,2,2,3,66.66,0,0,0,0,66,58,2,29,0
2023,Romario Shepherd,1,0,0,0,0,1,0,0,0,0,0,0,0,0,0,0
2022,Romario Shepherd,3,1,58,26*,29,41,141.46,0,2,5,0,54,98,3,32.67,0
2024,Shams Mulani,1,1,1,1*,0,1,100,0,0,0,0,18,24,0,0,0
2023,Nehal Wadhera,14,1,241,64,26.78,166,145.18,2,23,12,4,0,0,0,0,0
2024,Gerald Coetzee,1,0,1,1,1,3,33.33,0,0,0,0,24,27,2,13.5,0
No stats,Anshul Kamboj,0,No stats,No stats,No stats,No stats,No stats,No stats,No stats,No stats,No stats,No stats,No stats,No stats,No stats,No stats,No stats
2024,Naman Dhir,1,0,20,20,20,10,200,0,3,1,1,6,13,0,0,0
No stats,Shivalik Sharma,0,No stats,No stats,No stats,No stats,No stats,No stats,No stats,No stats,No stats,No stats,No stats,No stats,No stats,No stats,No stats
2024,Jasprit Bumrah,1,1,1,1*,0,1,100,0,0,0,0,24,14,3,4.67,0
2022,Jasprit Bumrah,14,4,0,0*,0,8,0,0,0,0,2,320,383,15,25.53,0
2021,Jasprit Bumrah,14,5,16,5*,8,17,94.11,0,2,0,4,330,410,21,19.52,0
2020,Jasprit Bumrah,15,1,5,5*,0,3,166.66,0,0,0,0,360,404,27,14.96,2
2019,Jasprit Bumrah,16,3,0,0*,0,1,0,0,0,0,2,370,409,19,21.52,0
2018,Jasprit Bumrah,14,2,10,6*,10,11,90.9,0,1,0,4,324,372,17,21.88,0
2017,Jasprit Bumrah,16,1,17,16*,17,12,133.33,0,0,1,2,356,439,20,21.95,0
2016,Jasprit Bumrah,14,1,8,6,8,11,72.72,0,1,0,1,312,406,15,27.06,0
2015,Jasprit Bumrah,4,1,0,0,0,0,0,0,0,0,0,90,184,3,61.33,0
2014,Jasprit Bumrah,11,2,1,1*,0,3,33.33,0,0,0,0,238,301,5,60.2,0
2013,Jasprit Bumrah,2,0,0,0,0,0,0,0,0,0,0,42,70,3,23.33,0
2023,Kumar Kartikeya Singh,8,0,6,6,6,7,85.71,0,1,0,1,156,227,5,45.4,0
2022,Kumar Kartikeya Singh,4,0,3,3,3,5,60,0,0,0,0,78,102,5,20.4,0
2024,Piyush Chawla,1,0,0,0,0,1,0,0,0,0,0,18,31,1,31,0
2023,Piyush Chawla,16,2,25,18,12.5,22,113.64,0,1,1,1,366,495,22,22.5,0
2021,Piyush Chawla,1,0,0,0*,0,2,0,0,0,0,0,24,38,1,38,0
2019,Piyush Chawla,13,2,42,14*,14,37,113.51,0,4,2,5,267,399,10,39.9,0
2018,Piyush Chawla,15,3,27,12,6.75,34,79.41,0,1,1,4,294,412,14,29.42,0
2017,Piyush Chawla,6,0,2,2,2,6,33.33,0,0,0,1,120,179,6,29.83,0
2016,Piyush Chawla,12,0,27,11,9,26,103.84,0,4,0,3,212,273,11,24.81,0
2015,Piyush Chawla,13,4,54,22,13.5,47,114.89,0,5,2,2,210,269,11,24.45,1
2014,Piyush Chawla,11,2,31,17*,10.33,19,163.15,0,4,1,3,237,303,14,21.64,0
2013,Piyush Chawla,16,5,64,23,10.66,57,112.28,0,5,3,1,350,418,11,38,0
2012,Piyush Chawla,16,4,106,21*,13.25,88,120.45,0,9,4,3,342,419,16,26.18,0
2011,Piyush Chawla,12,3,48,15,16,55,87.27,0,2,2,3,248,336,16,21,1
2010,Piyush Chawla,14,1,62,22,12.4,60,103.33,0,7,0,3,294,367,12,30.58,0
2009,Piyush Chawla,14,5,31,8*,6.2,36,86.11,0,3,0,6,269,308,12,25.66,0
2008,Piyush Chawla,15,3,90,24*,22.5,59,152.54,0,10,3,6,281,389,17,22.88,0
2020,Piyush Chawla,7,0,0,0,0,0,0,0,0,0,0,126,191,6,31.83,0
2023,Akash Madhwal,8,0,0,0,0,0,0,0,0,0,0,153,219,14,15.64,1
2024,Luke Wood,1,0,0,0,0,0,0,0,0,0,0,12,25,0,0,0
No stats,Dilshan Madushanka,0,No stats,No stats,No stats,No stats,No stats,No stats,No stats,No stats,No stats,No stats,No stats,No stats,No stats,No stats,No stats
2022,Shreyas Gopal,1,1,9,9*,0,7,128.57,0,2,0,0,18,34,1,34,0
2021,Shreyas Gopal,3,1,7,7*,7,5,140,0,0,1,0,42,84,0,0,0
2020,Shreyas Gopal,14,1,37,23*,9.25,39,94.87,0,3,0,2,300,427,10,42.7,0
2019,Shreyas Gopal,14,3,63,19*,15.75,46,136.95,0,8,1,5,288,347,20,17.35,0
2018,Shreyas Gopal,11,1,50,24,16.66,45,111.11,0,5,0,3,186,236,11,21.45,1
2016,Shreyas Gopal,1,0,2,2,2,16,12.5,0,0,0,0,18,18,0,0,0
2015,Shreyas Gopal,1,1,1,1*,0,1,100,0,0,0,0,13,23,1,23,0
2014,Shreyas Gopal,4,0,11,11,11,10,110,0,1,0,1,84,113,6,18.83,0
No stats,Nuwan Thushara,0,No stats,No stats,No stats,No stats,No stats,No stats,No stats,No stats,No stats,No stats,No stats,No stats,No stats,No stats,No stats
2024,Shikhar Dhawan,2,0,67,45,33.5,53,126.42,0,9,1,0,0,0,0,0,0
2023,Shikhar Dhawan,11,2,373,99*,41.44,261,142.91,3,49,12,4,0,0,0,0,0
2022,Shikhar Dhawan,14,2,460,88*,38.33,375,122.67,3,47,12,10,0,0,0,0,0
2021,Shikhar Dhawan,16,1,587,92,39.13,471,124.62,3,63,16,9,0,0,0,0,0
2020,Shikhar Dhawan,17,3,618,106*,44.14,427,144.73,4,67,12,5,0,0,0,0,0
2019,Shikhar Dhawan,16,1,521,97*,34.73,384,135.67,5,64,11,5,0,0,0,0,0
2018,Shikhar Dhawan,16,3,497,92*,38.23,363,136.91,4,59,14,12,0,0,0,0,0
2017,Shikhar Dhawan,14,1,479,77,36.84,376,127.39,3,53,9,7,0,0,0,0,0
2016,Shikhar Dhawan,17,4,501,82*,38.53,429,116.78,4,51,8,5,0,0,0,0,0
2015,Shikhar Dhawan,14,1,353,54,27.15,286,123.42,3,45,6,6,0,0,0,0,0
2014,Shikhar Dhawan,14,1,377,64*,29,319,118.18,2,49,7,5,0,0,0,0,0
2013,Shikhar Dhawan,10,2,311,73*,38.87,253,122.92,3,37,5,6,0,27,0,0,0
2012,Shikhar Dhawan,15,1,569,84,40.64,439,129.61,5,58,18,5,36,55,3,18.33,0
2011,Shikhar Dhawan,14,2,400,95*,33.33,310,129.03,2,47,7,6,12,11,1,11,0
2010,Shikhar Dhawan,10,0,191,56,19.1,170,112.35,2,23,3,4,0,0,0,0,0
2009,Shikhar Dhawan,5,0,40,22,10,45,88.88,0,3,0,2,0,0,0,0,0
2008,Shikhar Dhawan,14,5,340,68*,37.77,295,115.25,4,35,8,8,0,0,0,0,0
2024,Jitesh Sharma,2,0,36,27,18,29,124.14,0,2,2,4,0,0,0,0,0
2023,Jitesh Sharma,14,1,309,49*,23.77,198,156.06,0,22,21,3,0,0,0,0,0
2022,Jitesh Sharma,12,2,234,44,29.25,143,163.64,0,22,12,9,0,0,0,0,0
2024,Jonny Bairstow,2,0,17,9,8.5,9,188.89,0,4,0,1,0,0,0,0,0
2022,Jonny Bairstow,11,0,253,66,23,175,144.57,2,34,9,2,0,0,0,0,0
2021,Jonny Bairstow,7,1,248,63*,41.33,175,141.71,2,20,15,2,0,0,0,0,0
2020,Jonny Bairstow,11,0,345,97,31.36,272,126.83,3,31,13,7,0,0,0,0,0
2019,Jonny Bairstow,10,2,445,114,55.62,283,157.24,2,48,18,9,0,0,0,0,0
2024,Prabhsimran Singh,2,0,51,26,25.5,34,150,0,7,2,0,0,0,0,0,0
2023,Prabhsimran Singh,14,0,358,103,25.57,238,150.42,1,38,19,1,0,0,0,0,0
2022,Prabhsimran Singh,1,0,14,14,14,11,127.27,0,2,0,0,0,0,0,0,0
2021,Prabhsimran Singh,2,0,19,12,9.5,23,82.6,0,1,1,0,0,0,0,0,0
2020,Prabhsimran Singh,2,0,15,11,7.5,15,100,0,2,0,1,0,0,0,0,0
2019,Prabhsimran Singh,1,0,16,16,16,17,94.11,0,1,1,1,0,0,0,0,0
2024,Liam Livingstone,2,1,55,38*,55,34,161.76,0,3,4,0,0,0,0,0,0
2023,Liam Livingstone,9,1,279,94,34.88,171,163.16,2,20,19,4,42,94,2,47,0
2022,Liam Livingstone,14,2,437,70,36.42,240,182.08,4,29,34,6,138,202,6,33.67,0
2021,Liam Livingstone,5,0,42,25,8.4,41,102.43,0,3,1,3,0,0,0,0,0
2019,Liam Livingstone,4,1,70,44,23.33,48,145.83,0,6,5,4,6,13,0,0,0
2023,Harpreet Bhatia,3,0,76,41,25.33,59,128.81,0,8,3,1,0,0,0,0,0
2012,Harpreet Bhatia,1,0,6,6,6,6,100,0,0,0,0,0,0,0,0,0
2011,Harpreet Bhatia,2,1,14,13,14,20,70,0,0,0,2,0,0,0,0,0
2010,Harpreet Bhatia,1,0,0,0,0,0,0,0,0,0,0,0,0,0,0,0
2023,Rilee Rossouw,9,2,209,82*,29.86,141,148.23,1,17,11,3,0,0,0,0,0
2015,Rilee Rossouw,2,0,14,14,7,10,140,0,1,1,2,0,0,0,0,0
2014,Rilee Rossouw,3,0,39,24,13,41,95.12,0,2,2,0,0,0,0,0,0
2024,Shashank Singh,2,1,21,21*,21,9,233.33,0,1,2,1,0,0,0,0,0
2022,Shashank Singh,10,1,69,25*,17.25,47,146.81,0,5,4,3,12,20,0,0,0
2021,Chris Woakes,3,1,15,15*,0,11,136.36,0,2,0,0,66,82,5,16.4,0
2018,Chris Woakes,5,2,17,11,8.5,19,89.47,0,1,1,1,110,190,8,23.75,0
2017,Chris Woakes,13,3,46,18,11.5,47,97.87,0,4,1,6,264,386,17,22.7,0
No stats,Vishwanath Pratap Singh,0,No stats,No stats,No stats,No stats,No stats,No stats,No stats,No stats,No stats,No stats,No stats,No stats,No stats,No stats,No stats
No stats,Ashutosh Sharma,0,No stats,No stats,No stats,No stats,No stats,No stats,No stats,No stats,No stats,No stats,No stats,No stats,No stats,No stats,No stats
No stats,Tanay Thyagarajann,0,No stats,No stats,No stats,No stats,No stats,No stats,No stats,No stats,No stats,No stats,No stats,No stats,No stats,No stats,No stats
2023,Atharva Taide,7,0,186,66,26.57,129,144.19,2,20,6,5,0,0,0,0,0
2023,Rishi Dhawan,6,1,20,19,10,12,166.67,0,1,1,3,42,60,1,60,0
2022,Rishi Dhawan,6,2,37,21*,18.5,40,92.5,0,4,2,2,114,156,6,26,0
2016,Rishi Dhawan,2,2,14,11*,0,6,233.33,0,0,1,0,42,56,2,28,0
2015,Rishi Dhawan,5,3,36,25*,18,33,109.09,0,2,2,0,72,110,1,110,0
2014,Rishi Dhawan,13,4,82,23*,41,75,109.33,0,8,1,3,284,365,13,28.07,0
2013,Rishi Dhawan,6,1,21,14,7,21,100,0,3,0,3,90,109,2,54.5,0
2024,Sam Curran,2,0,86,63,43,64,134.38,1,9,1,1,24,40,1,40,0
2023,Sam Curran,14,3,276,55,27.6,203,135.96,1,20,13,5,287,489,10,48.9,0
2021,Sam Curran,9,1,56,34,18.66,29,193.1,0,5,3,1,198,328,9,36.44,0
2020,Sam Curran,14,3,186,52,23.25,141,131.91,1,12,12,7,252,344,13,26.46,0
2019,Sam Curran,9,4,95,55*,23.75,55,172.72,1,13,3,2,198,323,10,32.3,1
2023,Sikandar Raza,7,2,139,57,27.8,98,141.84,1,10,6,5,72,119,3,39.67,0
No stats,Shivam singh,0,No stats,No stats,No stats,No stats,No stats,No stats,No stats,No stats,No stats,No stats,No stats,No stats,No stats,No stats,No stats
No stats,Prince Choudhary,0,No stats,No stats,No stats,No stats,No stats,No stats,No stats,No stats,No stats,No stats,No stats,No stats,No stats,No stats,No stats
2024,Harpreet Brar,2,2,4,2*,0,4,100,0,0,0,2,42,27,3,9,0
2023,Harpreet Brar,13,2,52,17*,8.67,41,126.83,0,5,2,2,163,218,9,24.22,1
2022,Harpreet Brar,5,0,22,14,7.33,25,88,0,1,2,3,96,146,4,36.5,0
2021,Harpreet Brar,7,5,64,25*,0,58,110.34,0,3,2,2,138,139,5,27.8,0
2020,Harpreet Brar,1,0,0,0,0,0,0,0,0,0,0,24,41,0,0,0
2019,Harpreet Brar,2,1,20,20*,0,12,166.66,0,2,1,0,30,48,0,0,0
2024,Arshdeep Singh,2,0,0,0,0,0,0,0,0,0,0,44,68,2,34,0
2023,Arshdeep Singh,14,2,2,2*,0,2,100,0,0,0,1,305,493,17,29,1
2022,Arshdeep Singh,14,3,21,10*,7,29,72.41,0,3,0,4,300,385,10,38.5,0
2021,Arshdeep Singh,12,2,2,1*,0,3,66.66,0,0,0,4,248,342,18,19,0
2020,Arshdeep Singh,8,0,0,0*,0,3,0,0,0,0,2,149,218,9,24.22,0
2019,Arshdeep Singh,3,0,0,0,0,0,0,0,0,0,0,60,109,3,36.33,0
2024,Kagiso Rabada,2,0,0,0,0,0,0,0,0,0,0,48,59,3,19.67,0
2023,Kagiso Rabada,6,1,0,0,0,2,0,0,0,0,0,138,232,7,33.14,0
2022,Kagiso Rabada,13,3,48,25,9.6,43,111.63,0,5,2,2,288,406,23,17.65,2
2021,Kagiso Rabada,15,2,13,9*,13,6,216.66,0,2,0,9,336,456,15,30.4,0
2020,Kagiso Rabada,17,4,56,15*,14,49,114.28,0,4,2,8,394,548,30,18.26,2
2019,Kagiso Rabada,12,1,14,9,4.66,15,93.33,0,0,1,6,282,368,25,14.72,2
2017,Kagiso Rabada,6,0,55,44,18.33,64,85.93,0,5,1,0,128,188,6,31.33,0
2023,Nathan Ellis,10,0,1,1,0.5,7,14.29,0,0,0,2,228,339,13,26.08,1
2022,Nathan Ellis,2,0,0,0,0,2,0,0,0,0,1,36,55,3,18.33,0
2021,Nathan Ellis,3,1,18,12,18,16,112.5,0,0,1,0,72,98,1,98,0
2024,Rahul Chahar,2,0,0,0,0,0,0,0,0,0,1,30,49,1,49,0
2023,Rahul Chahar,14,1,0,0,0,9,0,0,0,0,4,298,385,8,48.13,0
2022,Rahul Chahar,13,2,77,25*,12.83,68,113.24,0,7,4,5,280,360,14,25.71,0
2021,Rahul Chahar,11,0,14,8,2.8,15,93.33,0,1,0,3,258,318,13,24.46,1
2020,Rahul Chahar,15,1,2,2*,0,4,50,0,0,0,4,318,433,15,28.86,0
2019,Rahul Chahar,13,2,12,10,6,11,109.09,0,2,0,3,282,308,13,23.69,0
2017,Rahul Chahar,3,1,3,3*,0,2,150,0,0,0,1,42,58,2,29,0
No stats,Vidwath Kaverappa,0,No stats,No stats,No stats,No stats,No stats,No stats,No stats,No stats,No stats,No stats,No stats,No stats,No stats,No stats,No stats
2024,Harshal Patel,2,0,0,0,0,0,0,0,0,0,0,48,92,3,30.67,0
2023,Harshal Patel,13,0,6,6,3,6,100,0,0,1,2,282,454,14,32.43,0
2022,Harshal Patel,15,3,43,11,8.6,39,110.26,0,4,2,3,321,410,19,21.58,1
2021,Harshal Patel,15,4,59,31,14.75,46,128.26,0,6,2,3,338,459,32,14.34,1
2020,Harshal Patel,5,0,21,16,10.5,24,87.5,0,2,0,1,90,134,3,44.66,0
2019,Harshal Patel,2,1,0,0*,0,2,0,0,0,0,0,48,77,2,38.5,0
2018,Harshal Patel,5,1,60,36*,60,33,181.81,0,1,6,0,105,167,7,23.85,0
2017,Harshal Patel,1,0,0,0,0,0,0,0,0,0,0,24,43,3,14.33,0
2016,Harshal Patel,5,1,0,0,0,0,0,0,0,0,2,84,147,1,147,0
2015,Harshal Patel,15,2,19,9*,3.8,12,158.33,0,0,2,1,263,328,17,19.29,0
2014,Harshal Patel,3,1,13,6,6.5,7,185.71,0,1,1,0,66,113,4,28.25,0
2012,Harshal Patel,12,1,15,10,7.5,15,100,0,1,0,8,246,340,9,37.77,0
2024,Sanju Samson,1,1,82,82*,0,52,157.69,1,3,6,0,0,0,0,0,0
2023,Sanju Samson,14,2,362,66*,30.17,236,153.39,3,25,24,3,0,0,0,0,0
2022,Sanju Samson,17,1,458,55,28.63,312,146.79,2,43,26,14,0,0,0,0,0
2021,Sanju Samson,14,2,484,119,40.33,354,136.72,2,45,17,7,0,0,0,0,0
2020,Sanju Samson,14,1,375,85,28.84,236,158.89,3,21,26,9,0,0,0,0,0
2019,Sanju Samson,12,2,342,102*,34.2,230,148.69,0,28,13,4,0,0,0,0,0
2018,Sanju Samson,15,1,441,92*,31.5,320,137.81,3,30,19,5,0,0,0,0,0
2017,Sanju Samson,14,0,386,102,27.57,273,141.39,2,32,19,4,0,0,0,0,0
2016,Sanju Samson,14,3,291,60,26.45,259,112.35,1,20,8,3,0,0,0,0,0
2015,Sanju Samson,14,1,204,76,20.4,163,125.15,1,16,8,9,0,0,0,0,0
2014,Sanju Samson,13,0,339,74,26.07,273,124.17,2,25,17,5,0,0,0,0,0
2013,Sanju Samson,11,2,206,63,25.75,178,115.73,1,19,5,13,0,0,0,0,0
2024,Jos Buttler,1,0,11,11,11,9,122.22,0,2,0,1,0,0,0,0,0
2023,Jos Buttler,14,0,392,95,28,282,139.01,4,42,14,9,0,0,0,0,0
2022,Jos Buttler,17,2,863,116,57.53,579,149.05,4,83,45,9,0,0,0,0,0
2021,Jos Buttler,7,0,254,124,36.28,166,153.01,0,27,13,3,0,0,0,0,0
2020,Jos Buttler,13,2,328,70*,32.8,227,144.49,2,27,16,6,0,0,0,0,0
2019,Jos Buttler,8,0,311,89,38.87,205,151.7,3,38,14,8,0,0,0,0,0
2018,Jos Buttler,13,3,548,95*,54.8,353,155.24,5,52,21,9,0,0,0,0,0
2017,Jos Buttler,10,0,272,77,27.2,177,153.67,1,27,15,1,0,0,0,0,0
2016,Jos Buttler,14,3,255,41,23.18,184,138.58,0,23,11,7,0,0,0,0,0
2024,Shimron Hetmyer,1,0,5,5,5,7,71.43,0,0,0,0,0,0,0,0,0
2023,Shimron Hetmyer,14,5,300,56*,37.5,197,152.28,1,12,23,11,0,0,0,0,0
2022,Shimron Hetmyer,15,8,314,59*,44.86,204,153.92,1,21,21,3,0,0,0,0,0
2021,Shimron Hetmyer,14,6,242,53*,34.57,144,168.05,1,19,12,4,0,0,0,0,0
2020,Shimron Hetmyer,12,3,185,45,23.12,125,148,0,11,12,7,0,0,0,0,0
2019,Shimron Hetmyer,5,0,90,75,18,73,123.28,1,4,7,3,0,0,0,0,0
2024,Yashasvi Jaiswal,1,0,24,24,24,12,200,0,3,1,0,0,0,0,0,0
2023,Yashasvi Jaiswal,14,1,625,124,48.08,382,163.61,5,82,26,8,0,0,0,0,0
2022,Yashasvi Jaiswal,10,0,258,68,25.8,194,132.99,2,28,10,2,1,6,0,0,0
2021,Yashasvi Jaiswal,10,0,249,50,24.9,168,148.21,1,32,10,3,0,0,0,0,0
2020,Yashasvi Jaiswal,3,0,40,34,13.33,44,90.9,0,2,2,1,0,0,0,0,0
2024,Dhruv Jurel,1,1,20,20*,0,12,166.67,0,1,1,3,0,0,0,0,0
2023,Dhruv Jurel,13,4,152,34*,21.71,88,172.73,0,11,9,1,0,0,0,0,0
2024,Riyan Parag,1,0,43,43,43,29,148.28,0,1,3,0,0,0,0,0,0
2023,Riyan Parag,7,1,78,20,13,66,118.18,0,4,5,1,0,0,0,0,0
2022,Riyan Parag,17,3,183,56*,16.64,132,138.64,1,11,10,17,24,59,1,59,0
2021,Riyan Parag,11,2,93,25,11.62,83,112.04,0,6,4,6,37,73,1,73,0
2020,Riyan Parag,12,1,86,42*,12.28,77,111.68,0,6,3,1,12,27,0,0,0
2019,Riyan Parag,7,0,160,50,32,126,126.98,1,17,5,5,84,121,2,60.5,0
No stats,Kunal Rathore,0,No stats,No stats,No stats,No stats,No stats,No stats,No stats,No stats,No stats,No stats,No stats,No stats,No stats,No stats,No stats
No stats,Donovan Ferreira,0,No stats,No stats,No stats,No stats,No stats,No stats,No stats,No stats,No stats,No stats,No stats,No stats,No stats,No stats,No stats
2023,Rovman Powell,3,0,7,4,2.33,9,77.78,0,1,0,0,12,18,1,18,0
2022,Rovman Powell,14,2,250,67*,25,167,149.7,1,10,22,10,6,17,0,0,0
No stats,Shubham Dubey,0,No stats,No stats,No stats,No stats,No stats,No stats,No stats,No stats,No stats,No stats,No stats,No stats,No stats,No stats,No stats
No stats,Tom Kohler-Cadmore,0,No stats,No stats,No stats,No stats,No stats,No stats,No stats,No stats,No stats,No stats,No stats,No stats,No stats,No stats,No stats
2024,Ravichandran Ashwin,1,0,0,0,0,0,0,0,0,0,0,24,35,1,35,0
2023,Ravichandran Ashwin,13,4,67,30,11.17,51,131.37,0,5,3,1,294,368,14,26.29,0
2022,Ravichandran Ashwin,17,5,191,50,27.29,135,141.48,1,14,9,5,402,503,12,41.92,0
2021,Ravichandran Ashwin,13,2,44,20*,14.66,42,104.76,0,2,1,3,268,331,7,47.28,0
2020,Ravichandran Ashwin,15,3,37,14*,12.33,34,108.82,0,3,1,2,306,391,13,30.07,0
2019,Ravichandran Ashwin,14,1,42,17*,8.4,28,150,0,3,3,4,330,400,15,26.66,0
2018,Ravichandran Ashwin,14,1,102,45,12.75,71,143.66,0,7,5,5,304,410,10,41,0
2016,Ravichandran Ashwin,14,4,41,29,20.5,38,107.89,0,3,1,3,264,319,10,31.9,1
2015,Ravichandran Ashwin,14,3,52,23,17.33,32,162.5,0,6,1,3,234,228,10,22.8,0
2014,Ravichandran Ashwin,16,3,45,14,15,45,100,0,4,0,1,359,437,16,27.31,0
2013,Ravichandran Ashwin,18,1,35,11*,8.75,49,71.42,0,4,0,4,348,390,15,26,0
2012,Ravichandran Ashwin,19,2,18,8,6,15,120,0,2,0,5,395,432,14,30.85,0
2011,Ravichandran Ashwin,16,0,2,2,1,6,33.33,0,0,0,4,378,388,20,19.4,0
2010,Ravichandran Ashwin,12,2,30,11*,7.5,40,75,0,2,0,1,288,293,13,22.53,0
2009,Ravichandran Ashwin,2,0,8,8,8,15,53.33,0,1,0,2,24,13,2,6.5,0
No stats,Tanush Kotian,0,No stats,No stats,No stats,No stats,No stats,No stats,No stats,No stats,No stats,No stats,No stats,No stats,No stats,No stats,No stats
No stats,Abid Mushtaq,0,No stats,No stats,No stats,No stats,No stats,No stats,No stats,No stats,No stats,No stats,No stats,No stats,No stats,No stats,No stats
2024,Avesh Khan,1,0,0,0,0,0,0,0,0,0,0,18,21,0,0,0
2023,Avesh Khan,9,1,0,0*,0,1,0,0,0,0,2,174,283,8,35.38,0
2022,Avesh Khan,13,3,22,12,22,13,169.23,0,0,3,2,286,416,18,23.11,1
2021,Avesh Khan,16,1,5,5*,0,3,166.66,0,1,0,1,366,450,24,18.75,0
2020,Avesh Khan,1,0,0,0,0,0,0,0,0,0,0,24,42,0,0,0
2019,Avesh Khan,1,1,4,4*,0,3,133.33,0,1,0,1,18,30,0,0,0
2018,Avesh Khan,6,0,0,0,0,0,0,0,0,0,3,114,204,4,51,0
2017,Avesh Khan,1,0,0,0,0,0,0,0,0,0,0,24,23,1,23,0
2023,Kuldeep Sen,2,0,0,0,0,0,0,0,0,0,0,18,28,0,0,0
2022,Kuldeep Sen,7,1,0,0*,0,3,0,0,0,0,3,151,237,8,29.63,1
2023,Navdeep Saini,2,0,0,0,0,0,0,0,0,0,0,36,74,3,24.67,0
2022,Navdeep Saini,2,0,2,2,2,2,100,0,0,0,2,36,72,3,24,0
2021,Navdeep Saini,2,0,2,2,2,4,50,0,0,0,1,24,52,0,0,0
2020,Navdeep Saini,13,2,27,12*,27,27,100,0,3,0,2,274,379,6,63.16,0
2019,Navdeep Saini,13,1,2,2,2,4,50,0,0,0,3,288,397,11,36.09,0
2022,Prasidh Krishna,17,2,6,4*,6,12,50,0,0,0,2,399,551,19,29,0
2021,Prasidh Krishna,10,1,0,0*,0,1,0,0,0,0,3,231,351,12,29.25,0
2020,Prasidh Krishna,6,2,2,2*,0,4,50,0,0,0,1,105,164,4,41,0
2019,Prasidh Krishna,11,0,0,0*,0,2,0,0,0,0,2,242,377,4,94.25,0
2018,Prasidh Krishna,7,2,1,1*,0,5,20,0,0,0,1,168,260,10,26,1
2024,Sandeep Sharma,1,0,0,0,0,0,0,0,0,0,0,18,22,1,22,0
2023,Sandeep Sharma,12,2,2,2*,0,6,33.33,0,0,0,4,276,396,10,39.6,0
2022,Sandeep Sharma,5,0,0,0,0,0,0,0,0,0,2,120,153,2,76.5,0
2021,Sandeep Sharma,7,1,8,8*,8,7,114.28,0,1,0,1,141,203,3,67.66,0
2020,Sandeep Sharma,13,3,12,9,6,15,80,0,1,0,0,312,374,14,26.71,0
2019,Sandeep Sharma,11,2,6,5*,0,3,200,0,1,0,1,256,352,12,29.33,0
2018,Sandeep Sharma,12,1,0,0*,0,4,0,0,0,0,2,264,333,12,27.75,0
2017,Sandeep Sharma,13,4,7,5*,0,6,116.66,0,0,0,3,288,398,17,23.41,1
2016,Sandeep Sharma,14,4,8,5*,0,9,88.88,0,0,0,2,300,366,15,24.4,0
2015,Sandeep Sharma,14,2,9,7,9,14,64.28,0,1,0,2,300,350,13,26.92,1
2014,Sandeep Sharma,11,1,2,2*,0,5,40,0,0,0,1,241,354,18,19.66,0
2013,Sandeep Sharma,4,1,0,0,0,0,0,0,0,0,0,96,119,8,14.87,0
2024,Trent Boult,1,0,0,0,0,0,0,0,0,0,0,24,35,2,17.5,0
2023,Trent Boult,10,3,16,15,16,14,114.29,0,1,1,5,228,312,13,24,0
2022,Trent Boult,16,6,40,17*,20,29,137.93,0,2,1,2,372,492,16,30.75,0
2021,Trent Boult,14,4,1,1*,0,4,25,0,0,0,5,308,406,13,31.23,0
2020,Trent Boult,15,0,0,0*,0,1,0,0,0,0,4,344,457,25,18.28,1
2019,Trent Boult,5,2,7,6,7,4,175,0,0,1,2,114,163,5,32.6,0
2018,Trent Boult,14,0,0,0*,0,2,0,0,0,0,9,316,466,18,25.88,0
2017,Trent Boult,6,1,5,5*,0,8,62.5,0,0,0,0,143,216,5,43.2,0
2016,Trent Boult,1,0,0,0,0,0,0,0,0,0,1,24,39,1,39,0
2015,Trent Boult,7,0,0,0,0,0,0,0,0,0,2,168,236,9,26.22,0
2024,Yuzvendra Chahal,1,0,0,0,0,0,0,0,0,0,0,18,25,1,25,0
2023,Yuzvendra Chahal,14,0,0,0,0,0,0,0,0,0,1,317,432,21,20.57,3
2022,Yuzvendra Chahal,17,1,5,5,5,8,62.5,0,0,0,0,408,527,27,19.52,1
2021,Yuzvendra Chahal,15,2,10,8*,0,27,37.03,0,0,0,4,318,374,18,20.77,0
2020,Yuzvendra Chahal,15,1,1,1,1,3,33.33,0,0,0,1,343,405,21,19.28,0
2019,Yuzvendra Chahal,14,1,6,4,3,16,37.5,0,0,0,3,296,386,18,21.44,1
2018,Yuzvendra Chahal,14,1,0,0*,0,4,0,0,0,0,2,300,363,12,30.25,0
2017,Yuzvendra Chahal,13,3,13,4*,4.33,26,50,0,0,0,3,261,333,14,23.78,0
2016,Yuzvendra Chahal,13,0,0,0,0,0,0,0,0,0,4,295,401,21,19.09,1
2015,Yuzvendra Chahal,15,2,1,1*,0,1,100,0,0,0,4,281,415,23,18.04,0
2014,Yuzvendra Chahal,14,2,1,1*,0,1,100,0,0,0,3,330,386,12,32.16,0
2013,Yuzvendra Chahal,1,0,0,0,0,0,0,0,0,0,0,24,34,0,0,0
2017,Adam Zampa,6,0,5,5,5,7,71.42,0,1,0,0,119,163,7,23.28,0
2016,Adam Zampa,5,0,0,0*,0,1,0,0,0,0,0,102,115,12,9.58,0
2020,Adam Zampa,3,0,0,0,0,0,0,0,0,0,0,66,92,2,46,0
2024,Nandre Burger,1,0,0,0,0,0,0,0,0,0,1,18,30,1,30,0
2024,Faf du Plessis,2,0,38,35,19,30,126.67,0,8,0,0,0,0,0,0,0
2023,Faf du Plessis,14,1,730,84,56.15,475,153.68,8,60,36,3,0,0,0,0,0
2022,Faf du Plessis,16,1,468,96,31.2,367,127.52,3,49,13,4,0,0,0,0,0
2021,Faf du Plessis,16,2,633,95*,45.21,458,138.2,6,60,23,12,0,0,0,0,0
2020,Faf du Plessis,13,2,449,87*,40.81,319,140.75,4,42,14,12,0,0,0,0,0
2019,Faf du Plessis,12,1,396,96,36,321,123.36,3,36,15,12,0,0,0,0,0
2018,Faf du Plessis,6,1,162,67*,32.4,129,125.58,1,17,6,1,0,0,0,0,0
2017,Faf du Plessis,2,0,8,8,8,7,114.28,0,1,0,0,0,0,0,0,0
2016,Faf du Plessis,6,0,206,69,34.33,162,127.16,2,17,9,4,0,0,0,0,0
2015,Faf du Plessis,17,2,380,55,29.23,304,125,1,37,5,8,0,0,0,0,0
2014,Faf du Plessis,15,1,303,54*,27.54,235,128.93,2,26,7,13,0,0,0,0,0
2012,Faf du Plessis,13,0,398,73,33.16,304,130.92,3,29,17,4,6,16,0,0,0
2024,Rajat Patidar,2,0,18,18,9,21,85.71,0,1,1,2,0,0,0,0,0
2022,Rajat Patidar,8,1,333,112*,55.5,218,152.75,2,27,18,4,0,0,0,0,0
2021,Rajat Patidar,4,0,71,31,17.75,62,114.51,0,3,3,1,0,0,0,0,0
2024,Virat Kohli,2,0,98,77,49,69,142.03,1,11,3,2,0,0,0,0,0
2023,Virat Kohli,14,2,639,101*,53.25,457,139.82,6,65,16,13,0,0,0,0,0
2022,Virat Kohli,16,1,341,73,22.73,294,115.99,2,32,8,9,0,0,0,0,0
2021,Virat Kohli,15,1,405,72*,28.92,339,119.46,3,43,9,8,0,0,0,0,0
2020,Virat Kohli,15,4,466,90*,42.36,384,121.35,3,23,11,3,0,0,0,0,0
2019,Virat Kohli,14,0,464,100,33.14,328,141.46,2,46,13,5,0,0,0,0,0
2018,Virat Kohli,14,3,530,92*,48.18,381,139.1,4,52,18,8,0,0,0,0,0
2017,Virat Kohli,10,0,308,64,30.8,252,122.22,4,23,11,6,0,0,0,0,0
2016,Virat Kohli,16,4,973,113,81.08,640,152.03,7,83,38,6,6,13,0,0,0
2015,Virat Kohli,16,5,505,82*,45.9,386,130.82,3,35,23,7,11,10,0,0,0
2014,Virat Kohli,14,1,359,73,27.61,294,122.1,2,23,16,7,0,0,0,0,0
2013,Virat Kohli,16,2,634,99,45.28,457,138.73,6,64,22,7,0,0,0,0,0
2012,Virat Kohli,16,2,364,73*,28,326,111.65,2,33,9,7,18,49,0,0,0
2011,Virat Kohli,16,4,557,71,46.41,460,121.08,4,55,16,7,102,139,2,69.5,0
2010,Virat Kohli,16,2,307,58,27.9,212,144.81,1,26,12,3,32,50,0,0,0
2009,Virat Kohli,16,2,246,50,22.36,219,112.32,1,22,8,9,36,46,0,0,0
2008,Virat Kohli,13,1,165,38,15,157,105.09,0,18,4,2,46,61,2,30.5,0
2024,Anuj Rawat,2,0,59,48,29.5,39,151.28,0,5,3,4,0,0,0,0,0
2023,Anuj Rawat,9,4,91,29*,30.33,71,128.17,0,6,4,3,0,0,0,0,0
2022,Anuj Rawat,8,0,129,66,16.13,118,109.32,1,10,7,6,0,0,0,0,0
2021,Anuj Rawat,2,0,0,0*,0,1,0,0,0,0,3,0,0,0,0,0
2024,Dinesh Karthik,2,2,66,38*,0,36,183.33,0,6,4,0,0,0,0,0,0
2023,Dinesh Karthik,13,1,140,30,11.67,104,134.62,0,13,5,8,0,0,0,0,0
2022,Dinesh Karthik,16,10,330,66*,55,180,183.33,1,27,22,10,0,0,0,0,0
2021,Dinesh Karthik,17,5,223,40,22.3,170,131.17,0,22,7,5,0,0,0,0,0
2020,Dinesh Karthik,14,2,169,58,14.08,134,126.11,1,20,4,9,0,0,0,0,0
2019,Dinesh Karthik,14,5,253,97*,31.62,173,146.24,2,22,14,7,0,0,0,0,0
2018,Dinesh Karthik,16,6,498,52,49.8,337,147.77,2,49,16,14,0,0,0,0,0
2017,Dinesh Karthik,14,3,361,65,36.1,259,139.38,2,30,11,8,0,0,0,0,0
2016,Dinesh Karthik,16,2,335,53,25.76,266,125.93,3,38,3,11,0,0,0,0,0
2015,Dinesh Karthik,16,0,141,28,12.81,117,120.51,0,15,4,14,0,0,0,0,0
2014,Dinesh Karthik,14,0,325,69,23.21,258,125.96,3,28,11,7,0,0,0,0,0
2013,Dinesh Karthik,19,1,510,86,28.33,411,124.08,2,54,14,12,0,0,0,0,0
2012,Dinesh Karthik,17,1,238,44,18.3,213,111.73,0,30,2,5,0,0,0,0,0
2011,Dinesh Karthik,14,2,282,69,25.63,220,128.18,1,32,7,7,0,0,0,0,0
2010,Dinesh Karthik,14,1,278,69,21.38,237,117.29,1,26,6,6,0,0,0,0,0
2009,Dinesh Karthik,15,5,288,52,36,217,132.72,1,20,9,12,0,0,0,0,0
2008,Dinesh Karthik,13,2,145,56*,24.16,107,135.51,1,13,4,6,0,0,0,0,0
2023,Suyash S Prabhudessai,5,0,35,19,8.75,29,120.69,0,1,2,5,0,0,0,0,0
2022,Suyash S Prabhudessai,5,0,67,34,13.4,59,113.56,0,7,2,5,0,0,0,0,0
No stats,Will Jacks,0,No stats,No stats,No stats,No stats,No stats,No stats,No stats,No stats,No stats,No stats,No stats,No stats,No stats,No stats,No stats
No stats,Saurav Chuahan,0,No stats,No stats,No stats,No stats,No stats,No stats,No stats,No stats,No stats,No stats,No stats,No stats,No stats,No stats,No stats
2024,Glenn Maxwell,2,0,3,3,1.5,6,50,0,0,0,1,24,36,2,18,0
2023,Glenn Maxwell,14,2,400,77,33.33,218,183.49,5,29,31,4,62,94,3,31.33,0
2022,Glenn Maxwell,13,2,301,55,27.36,178,169.1,1,31,15,5,144,165,6,27.5,0
2021,Glenn Maxwell,15,2,513,78,42.75,356,144.1,6,48,21,5,96,135,3,45,0
2020,Glenn Maxwell,13,4,108,32,15.42,106,101.88,0,9,0,4,126,169,3,56.33,0
2018,Glenn Maxwell,12,0,169,47,14.08,120,140.83,0,14,9,4,96,132,5,26.4,0
2017,Glenn Maxwell,14,3,310,47,31,179,173.18,0,19,26,7,114,125,7,17.85,0
2016,Glenn Maxwell,11,2,179,68,19.88,124,144.35,2,14,8,3,54,80,0,0,0
2015,Glenn Maxwell,11,0,145,43,13.18,112,129.46,0,13,8,2,60,97,2,48.5,0
2014,Glenn Maxwell,16,0,552,95,34.5,294,187.75,4,48,36,9,66,132,1,132,0
2013,Glenn Maxwell,3,1,36,23,18,27,133.33,0,1,4,1,12,23,0,0,0
2012,Glenn Maxwell,2,1,6,3*,6,11,54.54,0,0,0,0,18,22,1,22,0
2024,Mahipal Lomror,1,1,17,17*,0,8,212.5,0,2,1,0,0,0,0,0,0
2023,Mahipal Lomror,12,2,135,54*,16.88,97,139.18,1,9,8,4,12,17,0,0,0
2022,Mahipal Lomror,7,0,86,42,17.2,57,150.88,0,7,4,2,12,18,0,0,0
2021,Mahipal Lomror,4,1,94,43,31.33,73,128.76,0,3,6,0,42,47,1,47,0
2020,Mahipal Lomror,3,0,59,47,19.66,54,109.25,0,2,3,0,0,0,0,0,0
2019,Mahipal Lomror,2,0,8,8,8,3,266.66,0,2,0,1,0,0,0,0,0
2018,Mahipal Lomror,2,1,20,11,20,21,95.23,0,1,0,0,18,27,0,0,0
2024,Karn Sharma,1,0,0,0,0,0,0,0,0,0,0,12,24,1,24,0
2023,Karn Sharma,7,0,3,2,1.5,5,60,0,0,0,0,129,223,10,22.3,0
2020,Karn Sharma,5,0,0,0,0,0,0,0,0,0,0,114,165,5,33,0
2019,Karn Sharma,1,0,0,0,0,0,0,0,0,0,0,17,33,1,33,0
2018,Karn Sharma,6,1,0,0,0,0,0,0,0,0,3,57,89,4,22.25,0
2017,Karn Sharma,9,0,49,19,8.16,41,119.51,0,5,2,3,184,214,13,16.46,1
2016,Karn Sharma,5,3,36,26*,0,30,120,0,3,1,0,98,171,0,0,0
2015,Karn Sharma,14,3,104,32,17.33,85,122.35,0,3,6,4,239,332,10,33.2,0
2014,Karn Sharma,14,4,42,17*,10.5,29,144.82,0,1,3,0,304,376,15,25.06,1
2013,Karn Sharma,13,3,85,39*,21.25,86,98.83,0,6,2,4,209,230,11,20.9,0
2009,Karn Sharma,1,1,0,0,0,0,0,0,0,0,0,0,0,0,0,0
2024,Cameron Green,2,0,21,18,10.5,27,77.78,0,1,0,1,30,46,2,23,0
2023,Cameron Green,16,7,452,100*,50.22,282,160.28,2,40,22,5,228,361,6,60.17,0
2023,Swapnil Singh,2,1,2,2*,0,4,50,0,0,0,0,12,18,0,0,0
2024,Mayank Dagar,2,0,0,0,0,0,0,0,0,0,0,30,40,0,0,0
2023,Mayank Dagar,3,0,0,0,0,0,0,0,0,0,0,66,83,1,83,0
No stats,Manoj Bhandage,0,No stats,No stats,No stats,No stats,No stats,No stats,No stats,No stats,No stats,No stats,No stats,No stats,No stats,No stats,No stats
2023,Akash Deep,2,0,17,17,17,8,212.5,0,2,1,1,30,59,1,59,0
2022,Akash Deep,5,0,0,0,0,2,0,0,0,0,2,113,205,5,41,0
2024,Alzarri Joseph,2,0,0,0,0,0,0,0,0,0,0,46,81,1,81,0
2023,Alzarri Joseph,7,2,7,7*,0,12,58.33,0,1,0,2,144,225,7,32.14,0
2022,Alzarri Joseph,9,2,5,4*,5,7,71.43,0,0,0,1,180,264,7,37.71,0
2019,Alzarri Joseph,3,2,15,15*,0,13,115.38,0,2,0,1,52,87,6,14.5,0
2023,Lockie Ferguson,3,0,0,0,0,0,0,0,0,0,0,46,96,1,96,0
2022,Lockie Ferguson,13,1,5,5,2.5,4,125,0,1,0,2,286,427,12,35.58,1
2021,Lockie Ferguson,8,3,18,18*,0,11,163.63,0,1,1,3,180,224,13,17.23,0
2020,Lockie Ferguson,5,2,43,24*,0,29,148.27,0,4,1,0,119,148,6,24.66,0
2019,Lockie Ferguson,5,0,0,0,0,0,0,0,0,0,0,102,183,2,91.5,0
2017,Lockie Ferguson,4,1,1,1*,0,1,100,0,0,0,0,78,93,3,31,0
2024,Mohammed Siraj,2,0,0,0,0,0,0,0,0,0,0,48,64,2,32,0
2023,Mohammed Siraj,14,1,1,1*,1,2,50,0,0,0,4,300,376,19,19.79,1
2022,Mohammed Siraj,15,3,30,14*,15,33,90.91,0,5,0,6,306,514,9,57.11,0
2021,Mohammed Siraj,15,3,20,12*,20,26,76.92,0,1,1,4,312,353,11,32.09,0
2020,Mohammed Siraj,9,2,17,10*,17,14,121.42,0,2,0,4,163,236,11,21.45,0
2019,Mohammed Siraj,9,3,4,3*,4,14,28.57,0,0,0,2,169,269,7,38.42,0
2018,Mohammed Siraj,11,2,25,14,12.5,22,113.63,0,2,1,5,246,367,11,33.36,0
2017,Mohammed Siraj,6,0,0,0,0,0,0,0,0,0,1,138,212,10,21.2,1
2024,Yash Dayal,2,0,0,0,0,0,0,0,0,0,0,42,51,2,25.5,0
2023,Yash Dayal,5,0,0,0,0,0,0,0,0,0,1,84,165,2,82.5,0
2022,Yash Dayal,9,0,0,0,0,1,0,0,0,0,1,192,296,11,26.91,0
2021,Tom Curran,3,1,21,21,21,17,123.52,0,2,0,0,68,104,4,26,0
2020,Tom Curran,5,3,83,54*,83,62,133.87,1,5,3,1,109,208,3,69.33,0
2018,Tom Curran,5,1,23,18,7.66,28,82.14,0,3,0,1,61,118,6,19.66,0
2023,Reece Topley,1,0,0,0,0,0,0,0,0,0,0,12,14,1,14,0
2023,Himanshu Sharma,1,0,0,0,0,0,0,0,0,0,0,18,28,0,0,0
No stats,Rajan Kumar,0,No stats,No stats,No stats,No stats,No stats,No stats,No stats,No stats,No stats,No stats,No stats,No stats,No stats,No stats,No stats
2023,Vyshak Vijay Kumar,7,1,13,13*,13,9,144.44,0,0,1,1,144,253,9,28.11,0
2024,Abdul Samad,1,0,15,15,15,11,136.36,0,1,1,0,0,0,0,0,0
2023,Abdul Samad,9,4,169,37*,42.25,128,132.03,0,10,11,4,0,0,0,0,0
2022,Abdul Samad,2,0,4,4,2,7,57.14,0,0,0,1,6,8,0,0,0
2021,Abdul Samad,11,1,111,28,12.33,87,127.58,0,4,8,8,6,9,1,9,0
2020,Abdul Samad,12,3,111,33,22.2,65,170.76,0,8,6,5,42,96,1,96,0
2024,Aiden Markram,1,0,18,18,18,13,138.46,0,2,0,1,0,0,0,0,0
2023,Aiden Markram,13,2,248,50,22.55,197,125.89,1,18,8,11,49,70,1,70,0
2022,Aiden Markram,14,4,381,68*,47.63,274,139.05,3,25,19,6,36,64,1,64,0
2021,Aiden Markram,6,1,146,42,29.2,119,122.68,0,12,4,3,24,23,0,0,0
2024,Rahul Tripathi,1,0,20,20,20,20,100,0,0,1,1,0,0,0,0,0
2023,Rahul Tripathi,13,1,273,74*,22.75,213,128.17,1,29,10,2,0,0,0,0,0
2022,Rahul Tripathi,14,3,413,76,37.55,261,158.24,3,40,20,6,0,0,0,0,0
2021,Rahul Tripathi,17,2,397,74*,28.35,283,140.28,2,41,11,8,0,0,0,0,0
2020,Rahul Tripathi,11,1,230,81,23,181,127.07,1,21,10,3,0,0,0,0,0
2019,Rahul Tripathi,8,1,141,50,23.5,118,119.49,1,13,2,3,0,0,0,0,0
2018,Rahul Tripathi,12,3,226,80*,25.11,167,135.32,1,18,8,4,0,0,0,0,0
2017,Rahul Tripathi,14,0,391,93,27.92,267,146.44,2,43,17,5,6,12,0,0,0
2023,Glenn Phillips,5,0,39,25,7.8,22,177.27,0,2,4,2,18,20,1,20,0
2021,Glenn Phillips,3,1,26,14*,13,33,78.78,0,1,2,1,12,20,1,20,0
2024,Mayank Agarwal,1,0,32,32,32,21,152.38,0,4,1,0,0,0,0,0,0
2023,Mayank Agarwal,10,0,270,83,27,210,128.57,1,29,6,6,0,0,0,0,0
2022,Mayank Agarwal,13,0,196,52,16.33,160,122.5,1,23,6,10,0,0,0,0,0
2021,Mayank Agarwal,12,1,441,99*,40.09,314,140.44,4,42,18,5,0,0,0,0,0
2020,Mayank Agarwal,11,0,424,106,38.54,271,156.45,2,44,15,6,0,0,0,0,0
2019,Mayank Agarwal,13,0,332,58,25.53,234,141.88,2,26,14,7,0,0,0,0,0
2018,Mayank Agarwal,11,1,120,30,12,94,127.65,0,9,5,2,0,0,0,0,0
2017,Mayank Agarwal,3,0,26,20,8.66,27,96.29,0,3,0,1,0,0,0,0,0
2016,Mayank Agarwal,3,0,27,10,9,25,108,0,3,1,0,0,0,0,0,0
2015,Mayank Agarwal,10,1,213,68,23.66,177,120.33,2,23,7,3,0,0,0,0,0
2014,Mayank Agarwal,8,0,115,31,14.37,91,126.37,0,12,3,1,0,0,0,0,0
2013,Mayank Agarwal,5,0,67,29,13.4,62,108.06,0,6,3,3,0,0,0,0,0
2012,Mayank Agarwal,16,1,225,64*,20.45,158,142.4,1,19,15,9,0,0,0,0,0
2011,Mayank Agarwal,8,0,141,41,20.14,120,117.5,0,16,4,3,0,0,0,0,0
2023,Anmolpreet Singh,4,0,105,36,26.25,82,128.05,0,15,2,1,0,0,0,0,0
2022,Anmolpreet Singh,2,0,13,8,6.5,13,100,0,1,0,0,0,0,0,0,0
2021,Anmolpreet Singh,1,0,16,16,16,14,114.28,0,2,1,0,0,0,0,0,0
2024,Heinrich Klaasen,1,0,63,63,63,29,217.24,1,0,8,0,0,0,0,0,0
2023,Heinrich Klaasen,12,2,448,104,49.78,253,177.08,2,32,25,3,0,0,0,0,0
2019,Heinrich Klaasen,3,0,9,6,4.5,10,90,0,0,0,0,0,0,0,0,0
2018,Heinrich Klaasen,4,1,57,32,19,47,121.27,0,5,1,3,0,0,0,0,0
No stats,Upendra Singh Yadav,0,No stats,No stats,No stats,No stats,No stats,No stats,No stats,No stats,No stats,No stats,No stats,No stats,No stats,No stats,No stats
2023,Nitish Kumar Reddy,2,0,0,0,0,0,0,0,0,0,1,30,54,0,0,0
2017,Travis Head,7,2,151,75*,30.2,108,139.81,1,9,6,2,48,81,2,40.5,0
2016,Travis Head,3,1,54,37,27,40,135,0,3,2,0,0,0,0,0,0
2024,Abhishek Sharma,1,0,32,32,32,19,168.42,0,4,2,0,0,0,0,0,0
2023,Abhishek Sharma,11,0,226,67,20.55,157,143.95,2,28,6,4,72,124,2,62,0
2022,Abhishek Sharma,14,0,426,75,30.43,320,133.13,2,47,13,1,24,38,0,0,0
2021,Abhishek Sharma,8,1,98,33,16.33,75,130.66,0,7,4,2,60,64,4,16,0
2020,Abhishek Sharma,8,2,71,31,14.2,56,126.78,0,6,3,1,60,91,2,45.5,0
2019,Abhishek Sharma,3,1,9,5*,4.5,9,100,0,1,0,2,12,21,1,21,0
2018,Abhishek Sharma,3,2,63,46*,63,33,190.9,0,3,5,1,0,0,0,0,0
2024,Marco Jansen,1,1,1,1*,0,1,100,0,0,0,2,18,40,0,0,0
2023,Marco Jansen,8,3,39,17*,13,43,90.7,0,4,0,3,162,267,10,26.7,0
2022,Marco Jansen,8,2,9,8*,9,7,128.57,0,0,1,3,192,274,7,39.14,0
2021,Marco Jansen,2,0,0,0*,0,3,0,0,0,0,1,36,45,2,22.5,0
2023,Washington Sundar,7,1,60,24*,15,60,100,0,6,0,2,106,146,3,48.67,0
2022,Washington Sundar,9,0,101,40,14.43,69,146.38,0,9,3,1,168,239,6,39.83,0
2021,Washington Sundar,6,0,31,10,7.75,47,65.95,0,2,0,2,96,118,3,39.33,0
2020,Washington Sundar,15,3,111,30,18.5,95,116.84,0,10,2,0,300,298,8,37.25,0
2019,Washington Sundar,3,0,1,1,0.5,3,33.33,0,0,0,2,54,74,4,18.5,0
2018,Washington Sundar,7,3,65,35,21.66,38,171.05,0,5,4,0,120,192,4,48,0
2017,Washington Sundar,11,5,9,5*,9,12,75,0,0,0,5,180,185,8,23.12,0
2023,Sanvir Singh,2,1,11,7,11,9,122.22,0,1,1,0,0,0,0,0,0
2023,Wanindu Hasaranga,8,3,33,12*,16.5,28,117.86,0,3,0,0,174,258,9,28.67,0
2022,Wanindu Hasaranga,16,0,38,18,5.43,43,88.37,0,4,1,3,342,430,26,16.54,1
2021,Wanindu Hasaranga,2,1,1,1*,1,2,50,0,0,0,0,36,60,0,0,0
2024,Pat Cummins,1,1,0,0*,0,1,0,0,0,0,1,24,32,1,32,0
2022,Pat Cummins,5,1,63,56*,15.75,24,262.5,1,5,6,1,119,212,7,30.29,0
2021,Pat Cummins,7,2,93,66*,31,56,166.07,1,5,8,2,161,237,9,26.33,0
2020,Pat Cummins,14,4,146,53*,20.85,114,128.07,1,9,8,3,312,409,12,34.08,1
2017,Pat Cummins,12,4,77,24,15.4,53,145.28,0,5,4,1,277,373,15,24.86,0
2015,Pat Cummins,3,0,0,0*,0,2,0,0,0,0,1,60,97,1,97,0
2014,Pat Cummins,1,0,0,0,0,0,0,0,0,0,0,24,29,1,29,0
2023,Akash Singh,6,0,0,0,0,0,0,0,0,0,1,114,188,5,37.6,0
2021,Akash Singh,1,0,0,0,0,0,0,0,0,0,0,24,39,0,0,0
2024,Shahbaz Ahamad,1,0,16,16,16,5,320,0,1,2,0,6,14,0,0,0
2023,Shahbaz Ahamad,10,2,42,20*,10.5,39,107.69,0,3,1,5,42,95,1,95,0
2022,Shahbaz Ahamad,16,3,219,45,27.38,181,120.99,0,14,9,8,210,336,4,84,0
2021,Shahbaz Ahamad,11,0,59,14,8.42,53,111.32,0,4,2,4,84,92,7,13.14,0
2020,Shahbaz Ahamad,2,1,1,1*,0,1,100,0,0,0,1,36,44,2,22,0
2024,Bhuvneshwar Kumar,1,0,0,0,0,0,0,0,0,0,0,24,51,0,0,0
2023,Bhuvneshwar Kumar,14,3,42,27,14,47,89.36,0,4,0,3,306,425,16,26.56,0
2022,Bhuvneshwar Kumar,14,3,24,8,8,26,92.31,0,3,0,2,313,383,12,31.92,0
2021,Bhuvneshwar Kumar,11,6,34,14*,34,30,113.33,0,3,0,0,252,335,6,55.83,0
2020,Bhuvneshwar Kumar,4,0,0,0*,0,2,0,0,0,0,0,85,99,3,33,0
2019,Bhuvneshwar Kumar,15,2,12,7*,4,19,63.15,0,1,0,4,354,461,13,35.46,0
2018,Bhuvneshwar Kumar,12,2,13,7,6.5,16,81.25,0,1,0,2,277,354,9,39.33,0
2017,Bhuvneshwar Kumar,14,1,4,4*,4,4,100,0,0,0,4,314,369,26,14.19,0
2016,Bhuvneshwar Kumar,17,2,43,21,7.16,27,159.25,0,6,1,6,396,490,23,21.3,1
2015,Bhuvneshwar Kumar,14,2,17,11*,17,10,170,0,2,1,5,310,407,18,22.61,0
2014,Bhuvneshwar Kumar,14,1,1,1,1,4,25,0,0,0,2,319,354,20,17.7,1
2013,Bhuvneshwar Kumar,16,2,52,24*,7.42,71,73.23,0,3,1,2,342,371,13,28.53,0
2012,Bhuvneshwar Kumar,11,6,40,11*,13.33,40,100,0,4,0,0,234,281,8,35.12,0
2011,Bhuvneshwar Kumar,4,0,1,1,0,1,0,0,0,0,2,66,67,3,22.33,0
2023,Fazalhaq Farooqi,4,1,1,1*,0,5,20,0,0,0,1,80,117,4,29.25,0
2022,Fazalhaq Farooqi,3,1,2,2*,0,8,25,0,0,0,0,72,110,2,55,0
2023,Jaydev Unadkat,3,0,9,9,9,7,128.57,0,1,0,0,48,92,0,0,0
2022,Jaydev Unadkat,5,2,59,19*,19.67,37,159.46,0,4,3,1,120,190,6,31.67,0
2021,Jaydev Unadkat,6,1,41,24,20.5,29,141.37,0,3,2,1,132,168,4,42,0
2020,Jaydev Unadkat,7,0,9,9,9,13,69.23,0,0,0,1,138,228,4,57,0
2019,Jaydev Unadkat,11,3,1,1,1,3,33.33,0,0,0,4,224,398,10,39.8,0
2018,Jaydev Unadkat,15,3,49,26,12.25,38,128.94,0,6,1,6,302,486,11,44.18,0
2017,Jaydev Unadkat,12,2,2,2*,0,5,40,0,0,0,9,275,322,24,13.41,0
2016,Jaydev Unadkat,1,0,0,0,0,0,0,0,0,0,0,18,49,0,0,0
2015,Jaydev Unadkat,1,0,0,0,0,0,0,0,0,0,0,18,30,0,0,0
2014,Jaydev Unadkat,9,1,1,1*,1,6,16.66,0,0,0,0,187,270,9,30,0
2013,Jaydev Unadkat,13,2,2,1,0,2,100,0,0,0,1,294,370,13,28.46,0
2012,Jaydev Unadkat,1,0,0,0,0,0,0,0,0,0,0,18,32,0,0,0
2011,Jaydev Unadkat,7,0,0,0,0,0,0,0,0,0,2,108,150,6,25,0
2010,Jaydev Unadkat,3,0,0,0,0,0,0,0,0,0,1,62,85,4,21.25,0
2024,T Natarajan,1,0,0,0,0,0,0,0,0,0,0,24,32,3,10.67,0
2023,T Natarajan,12,0,0,0,0,0,0,0,0,0,3,270,410,10,41,0
2022,T Natarajan,11,0,0,0,0,0,0,0,0,0,1,258,406,18,22.56,0
2021,T Natarajan,2,0,0,0,0,0,0,0,0,0,0,48,69,2,34.5,0
2020,T Natarajan,16,3,3,3*,0,5,60,0,0,0,3,377,504,16,31.5,0
2017,T Natarajan,6,0,0,0,0,0,0,0,0,0,0,76,115,2,57.5,0
2023,Umran Malik,8,1,19,19*,19,8,237.5,0,1,2,1,120,217,5,43.4,0
2022,Umran Malik,14,3,4,3*,4,8,50,0,0,0,5,295,444,22,20.18,1
2021,Umran Malik,3,0,0,0,0,0,0,0,0,0,0,72,96,2,48,0
2024,Mayank Markande,1,0,0,0,0,0,0,0,0,0,1,24,39,2,19.5,0
2023,Mayank Markande,10,3,21,18*,0,13,161.54,0,2,1,1,228,300,12,25,1
2022,Mayank Markande,2,0,0,0,0,0,0,0,0,0,2,42,57,1,57,0
2021,Mayank Markande,1,0,0,0,0,0,0,0,0,0,0,18,26,0,0,0
2019,Mayank Markande,3,1,6,6,6,5,120,0,1,0,0,36,59,1,59,0
2018,Mayank Markande,14,4,21,7*,10.5,24,87.5,0,2,0,3,264,368,15,24.53,1
No stats,Jhathavedh Subramanyan,0,No stats,No stats,No stats,No stats,No stats,No stats,No stats,No stats,No stats,No stats,No stats,No stats,No stats,No stats,No stats
